제조사,모델명,연월,판매량
현대,그랜저,2025-01-01,5711
현대,그랜저,2025-02-01,5481
현대,그랜저,2025-03-01,6211
현대,그랜저,2025-04-01,6080
현대,그랜저,2025-05-01,4597
현대,그랜저,2025-06-01,5579
현대,그랜저,2025-07-01,4408
현대,그랜저,2025-08-01,5139
현대,그랜저,2025-09-01,5398
현대,그랜저,2025-10-01,5074
현대,그랜저,2025-11-01,6499
현대,그랜저,2025-12-01,11598
현대,아반떼,2025-01-01,5319
현대,아반떼,2025-02-01,6103
현대,아반떼,2025-03-01,6750
현대,아반떼,2025-04-01,6991
현대,아반떼,2025-05-01,6310
현대,아반떼,2025-06-01,7334
현대,아반떼,2025-07-01,5986
현대,아반떼,2025-08-01,7504
현대,아반떼,2025-09-01,7489
현대,아반떼,2025-10-01,5869
현대,아반떼,2025-11-01,5317
현대,아반떼,2025-12-01,6664
현대,디 올 뉴 팰리세이드,2025-01-01,1234
현대,디 올 뉴 팰리세이드,2025-02-01,3727
현대,디 올 뉴 팰리세이드,2025-03-01,4620
현대,디 올 뉴 팰리세이드,2025-04-01,6661
현대,디 올 뉴 팰리세이드,2025-05-01,7682
현대,디 올 뉴 팰리세이드,2025-06-01,5471
현대,디 올 뉴 팰리세이드,2025-07-01,6238
현대,디 올 뉴 팰리세이드,2025-08-01,5232
현대,디 올 뉴 팰리세이드,2025-09-01,4070
현대,디 올 뉴 팰리세이드,2025-10-01,3829
현대,디 올 뉴 팰리세이드,2025-11-01,5124
현대,디 올 뉴 팰리세이드,2025-12-01,5618
현대,투싼,2025-01-01,3636
현대,투싼,2025-02-01,4735
현대,투싼,2025-03-01,4536
현대,투싼,2025-04-01,5223
현대,투싼,2025-05-01,4088
현대,투싼,2025-06-01,4453
현대,투싼,2025-07-01,4011
현대,투싼,2025-08-01,3873
현대,투싼,2025-09-01,5130
현대,투싼,2025-10-01,3909
현대,투싼,2025-11-01,5384
현대,투싼,2025-12-01,4923
현대,포터2,2025-01-01,3329
현대,포터2,2025-02-01,3637
현대,포터2,2025-03-01,4667
현대,포터2,2025-04-01,4291
현대,포터2,2025-05-01,3720
현대,포터2,2025-06-01,3692
현대,포터2,2025-07-01,3368
현대,포터2,2025-08-01,4253
현대,포터2,2025-09-01,4322
현대,포터2,2025-10-01,3375
현대,포터2,2025-11-01,3780
현대,포터2,2025-12-01,4811
현대,쏘나타 디 엣지,2025-01-01,3620
현대,쏘나타 디 엣지,2025-02-01,4585
현대,쏘나타 디 엣지,2025-03-01,4588
현대,쏘나타 디 엣지,2025-04-01,4702
현대,쏘나타 디 엣지,2025-05-01,4134
현대,쏘나타 디 엣지,2025-06-01,4216
현대,쏘나타 디 엣지,2025-07-01,3314
현대,쏘나타 디 엣지,2025-08-01,3527
현대,쏘나타 디 엣지,2025-09-01,4787
현대,쏘나타 디 엣지,2025-10-01,4603
현대,쏘나타 디 엣지,2025-11-01,5897
현대,쏘나타 디 엣지,2025-12-01,4462
현대,싼타페,2025-01-01,4819
현대,싼타페,2025-02-01,5076
현대,싼타페,2025-03-01,5593
현대,싼타페,2025-04-01,6354
현대,싼타페,2025-05-01,4969
현대,싼타페,2025-06-01,5443
현대,싼타페,2025-07-01,4252
현대,싼타페,2025-08-01,3303
현대,싼타페,2025-09-01,5763
현대,싼타페,2025-10-01,4861
현대,싼타페,2025-11-01,3947
현대,싼타페,2025-12-01,3511
현대,코나,2025-01-01,2098
현대,코나,2025-02-01,1823
현대,코나,2025-03-01,2423
현대,코나,2025-04-01,2424
현대,코나,2025-05-01,1669
현대,코나,2025-06-01,2636
현대,코나,2025-07-01,2227
현대,코나,2025-08-01,2473
현대,코나,2025-09-01,2884
현대,코나,2025-10-01,2530
현대,코나,2025-11-01,2485
현대,코나,2025-12-01,2989
현대,스타리아,2025-01-01,2484
현대,스타리아,2025-02-01,3005
현대,스타리아,2025-03-01,3717
현대,스타리아,2025-04-01,3727
현대,스타리아,2025-05-01,3282
현대,스타리아,2025-06-01,3800
현대,스타리아,2025-07-01,3632
현대,스타리아,2025-08-01,3246
현대,스타리아,2025-09-01,3101
현대,스타리아,2025-10-01,2420
현대,스타리아,2025-11-01,2500
현대,스타리아,2025-12-01,2116
현대,베뉴,2025-01-01,694
현대,베뉴,2025-02-01,697
현대,베뉴,2025-03-01,583
현대,베뉴,2025-04-01,760
현대,베뉴,2025-05-01,1157
현대,베뉴,2025-06-01,1086
현대,베뉴,2025-07-01,1272
현대,베뉴,2025-08-01,813
현대,베뉴,2025-09-01,1002
현대,베뉴,2025-10-01,556
현대,베뉴,2025-11-01,1468
현대,베뉴,2025-12-01,2077
현대,캐스퍼,2025-01-01,740
현대,캐스퍼,2025-02-01,232
현대,캐스퍼,2025-03-01,840
현대,캐스퍼,2025-04-01,672
현대,캐스퍼,2025-05-01,583
현대,캐스퍼,2025-06-01,585
현대,캐스퍼,2025-07-01,597
현대,캐스퍼,2025-08-01,791
현대,캐스퍼,2025-09-01,1174
현대,캐스퍼,2025-10-01,511
현대,캐스퍼,2025-11-01,1383
현대,캐스퍼,2025-12-01,1642
현대,디 올 뉴 넥쏘,2025-01-01,0
현대,디 올 뉴 넥쏘,2025-02-01,0
현대,디 올 뉴 넥쏘,2025-03-01,0
현대,디 올 뉴 넥쏘,2025-04-01,0
현대,디 올 뉴 넥쏘,2025-05-01,0
현대,디 올 뉴 넥쏘,2025-06-01,50
현대,디 올 뉴 넥쏘,2025-07-01,1001
현대,디 올 뉴 넥쏘,2025-08-01,1203
현대,디 올 뉴 넥쏘,2025-09-01,1239
현대,디 올 뉴 넥쏘,2025-10-01,646
현대,디 올 뉴 넥쏘,2025-11-01,511
현대,디 올 뉴 넥쏘,2025-12-01,353
현대,아이오닉 9,2025-01-01,0
현대,아이오닉 9,2025-02-01,181
현대,아이오닉 9,2025-03-01,784
현대,아이오닉 9,2025-04-01,1009
현대,아이오닉 9,2025-05-01,867
현대,아이오닉 9,2025-06-01,767
현대,아이오닉 9,2025-07-01,1137
현대,아이오닉 9,2025-08-01,926
현대,아이오닉 9,2025-09-01,1272
현대,아이오닉 9,2025-10-01,667
현대,아이오닉 9,2025-11-01,484
현대,아이오닉 9,2025-12-01,133
현대,아반떼 N,2025-01-01,144
현대,아반떼 N,2025-02-01,193
현대,아반떼 N,2025-03-01,79
현대,아반떼 N,2025-04-01,108
현대,아반떼 N,2025-05-01,128
현대,아반떼 N,2025-06-01,151
현대,아반떼 N,2025-07-01,159
현대,아반떼 N,2025-08-01,151
현대,아반떼 N,2025-09-01,186
현대,아반떼 N,2025-10-01,145
현대,아반떼 N,2025-11-01,142
현대,아반떼 N,2025-12-01,113
현대,아이오닉 5,2025-01-01,48
현대,아이오닉 5,2025-02-01,1356
현대,아이오닉 5,2025-03-01,1090
현대,아이오닉 5,2025-04-01,1422
현대,아이오닉 5,2025-05-01,1226
현대,아이오닉 5,2025-06-01,1464
현대,아이오닉 5,2025-07-01,1474
현대,아이오닉 5,2025-08-01,1640
현대,아이오닉 5,2025-09-01,2246
현대,아이오닉 5,2025-10-01,1098
현대,아이오닉 5,2025-11-01,662
현대,아이오닉 5,2025-12-01,97
현대,포터2 일렉트릭,2025-01-01,6
현대,포터2 일렉트릭,2025-02-01,1532
현대,포터2 일렉트릭,2025-03-01,986
현대,포터2 일렉트릭,2025-04-01,1081
현대,포터2 일렉트릭,2025-05-01,778
현대,포터2 일렉트릭,2025-06-01,660
현대,포터2 일렉트릭,2025-07-01,928
현대,포터2 일렉트릭,2025-08-01,1294
현대,포터2 일렉트릭,2025-09-01,1003
현대,포터2 일렉트릭,2025-10-01,604
현대,포터2 일렉트릭,2025-11-01,329
현대,포터2 일렉트릭,2025-12-01,92
현대,캐스퍼 일렉트릭,2025-01-01,186
현대,캐스퍼 일렉트릭,2025-02-01,1061
현대,캐스퍼 일렉트릭,2025-03-01,1185
현대,캐스퍼 일렉트릭,2025-04-01,783
현대,캐스퍼 일렉트릭,2025-05-01,687
현대,캐스퍼 일렉트릭,2025-06-01,620
현대,캐스퍼 일렉트릭,2025-07-01,648
현대,캐스퍼 일렉트릭,2025-08-01,456
현대,캐스퍼 일렉트릭,2025-09-01,970
현대,캐스퍼 일렉트릭,2025-10-01,971
현대,캐스퍼 일렉트릭,2025-11-01,909
현대,캐스퍼 일렉트릭,2025-12-01,43
현대,ST1,2025-01-01,7
현대,ST1,2025-02-01,201
현대,ST1,2025-03-01,109
현대,ST1,2025-04-01,115
현대,ST1,2025-05-01,114
현대,ST1,2025-06-01,77
현대,ST1,2025-07-01,127
현대,ST1,2025-08-01,201
현대,ST1,2025-09-01,310
현대,ST1,2025-10-01,199
현대,ST1,2025-11-01,79
현대,ST1,2025-12-01,40
현대,코나 일렉트릭,2025-01-01,43
현대,코나 일렉트릭,2025-02-01,411
현대,코나 일렉트릭,2025-03-01,446
현대,코나 일렉트릭,2025-04-01,298
현대,코나 일렉트릭,2025-05-01,253
현대,코나 일렉트릭,2025-06-01,322
현대,코나 일렉트릭,2025-07-01,365
현대,코나 일렉트릭,2025-08-01,540
현대,코나 일렉트릭,2025-09-01,702
현대,코나 일렉트릭,2025-10-01,421
현대,코나 일렉트릭,2025-11-01,258
현대,코나 일렉트릭,2025-12-01,18
현대,더 뉴 아이오닉 6,2025-01-01,0
현대,더 뉴 아이오닉 6,2025-02-01,0
현대,더 뉴 아이오닉 6,2025-03-01,0
현대,더 뉴 아이오닉 6,2025-04-01,0
현대,더 뉴 아이오닉 6,2025-05-01,0
현대,더 뉴 아이오닉 6,2025-06-01,0
현대,더 뉴 아이오닉 6,2025-07-01,0
현대,더 뉴 아이오닉 6,2025-08-01,230
현대,더 뉴 아이오닉 6,2025-09-01,657
현대,더 뉴 아이오닉 6,2025-10-01,367
현대,더 뉴 아이오닉 6,2025-11-01,244
현대,더 뉴 아이오닉 6,2025-12-01,13
현대,아이오닉 5 N,2025-01-01,27
현대,아이오닉 5 N,2025-02-01,107
현대,아이오닉 5 N,2025-03-01,39
현대,아이오닉 5 N,2025-04-01,36
현대,아이오닉 5 N,2025-05-01,29
현대,아이오닉 5 N,2025-06-01,25
현대,아이오닉 5 N,2025-07-01,36
현대,아이오닉 5 N,2025-08-01,22
현대,아이오닉 5 N,2025-09-01,23
현대,아이오닉 5 N,2025-10-01,11
현대,아이오닉 5 N,2025-11-01,28
현대,아이오닉 5 N,2025-12-01,5
기아,쏘렌토,2025-01-01,7454
기아,쏘렌토,2025-02-01,9067
기아,쏘렌토,2025-03-01,10155
기아,쏘렌토,2025-04-01,8796
기아,쏘렌토,2025-05-01,7734
기아,쏘렌토,2025-06-01,7923
기아,쏘렌토,2025-07-01,7053
기아,쏘렌토,2025-08-01,6531
기아,쏘렌토,2025-09-01,8978
기아,쏘렌토,2025-10-01,6788
기아,쏘렌토,2025-11-01,10047
기아,쏘렌토,2025-12-01,9476
기아,스포티지,2025-01-01,6547
기아,스포티지,2025-02-01,6568
기아,스포티지,2025-03-01,6617
기아,스포티지,2025-04-01,6703
기아,스포티지,2025-05-01,5295
기아,스포티지,2025-06-01,6363
기아,스포티지,2025-07-01,5424
기아,스포티지,2025-08-01,5755
기아,스포티지,2025-09-01,6416
기아,스포티지,2025-10-01,4055
기아,스포티지,2025-11-01,6868
기아,스포티지,2025-12-01,7906
기아,카니발,2025-01-01,6068
기아,카니발,2025-02-01,7734
기아,카니발,2025-03-01,7710
기아,카니발,2025-04-01,7592
기아,카니발,2025-05-01,6651
기아,카니발,2025-06-01,6714
기아,카니발,2025-07-01,7211
기아,카니발,2025-08-01,6031
기아,카니발,2025-09-01,6758
기아,카니발,2025-10-01,4515
기아,카니발,2025-11-01,5305
기아,카니발,2025-12-01,5929
기아,셀토스,2025-01-01,4342
기아,셀토스,2025-02-01,4764
기아,셀토스,2025-03-01,5351
기아,셀토스,2025-04-01,5101
기아,셀토스,2025-05-01,4257
기아,셀토스,2025-06-01,5100
기아,셀토스,2025-07-01,4921
기아,셀토스,2025-08-01,4238
기아,셀토스,2025-09-01,4965
기아,셀토스,2025-10-01,3365
기아,셀토스,2025-11-01,4640
기아,셀토스,2025-12-01,4873
기아,레이,2025-01-01,3803
기아,레이,2025-02-01,3774
기아,레이,2025-03-01,3375
기아,레이,2025-04-01,3634
기아,레이,2025-05-01,3194
기아,레이,2025-06-01,2955
기아,레이,2025-07-01,2327
기아,레이,2025-08-01,2463
기아,레이,2025-09-01,2962
기아,레이,2025-10-01,2591
기아,레이,2025-11-01,3918
기아,레이,2025-12-01,4388
기아,K5,2025-01-01,2583
기아,K5,2025-02-01,2503
기아,K5,2025-03-01,2863
기아,K5,2025-04-01,3581
기아,K5,2025-05-01,3028
기아,K5,2025-06-01,2873
기아,K5,2025-07-01,2868
기아,K5,2025-08-01,3238
기아,K5,2025-09-01,3127
기아,K5,2025-10-01,3045
기아,K5,2025-11-01,3827
기아,K5,2025-12-01,3062
기아,봉고 3,2025-01-01,2428
기아,봉고 3,2025-02-01,2755
기아,봉고 3,2025-03-01,2922
기아,봉고 3,2025-04-01,3043
기아,봉고 3,2025-05-01,2491
기아,봉고 3,2025-06-01,2900
기아,봉고 3,2025-07-01,2952
기아,봉고 3,2025-08-01,2698
기아,봉고 3,2025-09-01,2928
기아,봉고 3,2025-10-01,2995
기아,봉고 3,2025-11-01,3395
기아,봉고 3,2025-12-01,2531
기아,K8,2025-01-01,2297
기아,K8,2025-02-01,2457
기아,K8,2025-03-01,2704
기아,K8,2025-04-01,2566
기아,K8,2025-05-01,2627
기아,K8,2025-06-01,2423
기아,K8,2025-07-01,2090
기아,K8,2025-08-01,1976
기아,K8,2025-09-01,2159
기아,K8,2025-10-01,2129
기아,K8,2025-11-01,2569
기아,K8,2025-12-01,2157
기아,모닝,2025-01-01,1484
기아,모닝,2025-02-01,765
기아,모닝,2025-03-01,579
기아,모닝,2025-04-01,1028
기아,모닝,2025-05-01,1527
기아,모닝,2025-06-01,1204
기아,모닝,2025-07-01,838
기아,모닝,2025-08-01,2080
기아,모닝,2025-09-01,1805
기아,모닝,2025-10-01,2062
기아,모닝,2025-11-01,1512
기아,모닝,2025-12-01,1413
기아,니로,2025-01-01,560
기아,니로,2025-02-01,800
기아,니로,2025-03-01,1147
기아,니로,2025-04-01,1644
기아,니로,2025-05-01,1283
기아,니로,2025-06-01,999
기아,니로,2025-07-01,1027
기아,니로,2025-08-01,1037
기아,니로,2025-09-01,1025
기아,니로,2025-10-01,1122
기아,니로,2025-11-01,1348
기아,니로,2025-12-01,1313
기아,타스만,2025-01-01,0
기아,타스만,2025-02-01,0
기아,타스만,2025-03-01,96
기아,타스만,2025-04-01,1248
기아,타스만,2025-05-01,1348
기아,타스만,2025-06-01,1302
기아,타스만,2025-07-01,1271
기아,타스만,2025-08-01,887
기아,타스만,2025-09-01,777
기아,타스만,2025-10-01,611
기아,타스만,2025-11-01,592
기아,타스만,2025-12-01,352
기아,PV5,2025-01-01,0
기아,PV5,2025-02-01,0
기아,PV5,2025-03-01,0
기아,PV5,2025-04-01,0
기아,PV5,2025-05-01,0
기아,PV5,2025-06-01,0
기아,PV5,2025-07-01,0
기아,PV5,2025-08-01,161
기아,PV5,2025-09-01,672
기아,PV5,2025-10-01,1814
기아,PV5,2025-11-01,962
기아,PV5,2025-12-01,227
기아,K9,2025-01-01,123
기아,K9,2025-02-01,164
기아,K9,2025-03-01,226
기아,K9,2025-04-01,147
기아,K9,2025-05-01,109
기아,K9,2025-06-01,92
기아,K9,2025-07-01,113
기아,K9,2025-08-01,143
기아,K9,2025-09-01,109
기아,K9,2025-10-01,47
기아,K9,2025-11-01,138
기아,K9,2025-12-01,170
기아,레이 EV,2025-01-01,73
기아,레이 EV,2025-02-01,513
기아,레이 EV,2025-03-01,1209
기아,레이 EV,2025-04-01,628
기아,레이 EV,2025-05-01,806
기아,레이 EV,2025-06-01,1305
기아,레이 EV,2025-07-01,1442
기아,레이 EV,2025-08-01,1021
기아,레이 EV,2025-09-01,1041
기아,레이 EV,2025-10-01,791
기아,레이 EV,2025-11-01,298
기아,레이 EV,2025-12-01,143
기아,EV3,2025-01-01,429
기아,EV3,2025-02-01,2257
기아,EV3,2025-03-01,3032
기아,EV3,2025-04-01,3057
기아,EV3,2025-05-01,1866
기아,EV3,2025-06-01,1884
기아,EV3,2025-07-01,2199
기아,EV3,2025-08-01,2317
기아,EV3,2025-09-01,1927
기아,EV3,2025-10-01,1423
기아,EV3,2025-11-01,684
기아,EV3,2025-12-01,137
기아,EV5,2025-01-01,0
기아,EV5,2025-02-01,0
기아,EV5,2025-03-01,0
기아,EV5,2025-04-01,0
기아,EV5,2025-05-01,0
기아,EV5,2025-06-01,0
기아,EV5,2025-07-01,0
기아,EV5,2025-08-01,0
기아,EV5,2025-09-01,272
기아,EV5,2025-10-01,1150
기아,EV5,2025-11-01,667
기아,EV5,2025-12-01,104
기아,EV6,2025-01-01,72
기아,EV6,2025-02-01,1100
기아,EV6,2025-03-01,1163
기아,EV6,2025-04-01,789
기아,EV6,2025-05-01,957
기아,EV6,2025-06-01,727
기아,EV6,2025-07-01,936
기아,EV6,2025-08-01,1080
기아,EV6,2025-09-01,1322
기아,EV6,2025-10-01,747
기아,EV6,2025-11-01,392
기아,EV6,2025-12-01,83
기아,EV4,2025-01-01,0
기아,EV4,2025-02-01,0
기아,EV4,2025-03-01,0
기아,EV4,2025-04-01,831
기아,EV4,2025-05-01,1373
기아,EV4,2025-06-01,1073
기아,EV4,2025-07-01,1485
기아,EV4,2025-08-01,1124
기아,EV4,2025-09-01,1151
기아,EV4,2025-10-01,654
기아,EV4,2025-11-01,338
기아,EV4,2025-12-01,81
기아,EV9,2025-01-01,37
기아,EV9,2025-02-01,88
기아,EV9,2025-03-01,202
기아,EV9,2025-04-01,150
기아,EV9,2025-05-01,178
기아,EV9,2025-06-01,113
기아,EV9,2025-07-01,173
기아,EV9,2025-08-01,112
기아,EV9,2025-09-01,147
기아,EV9,2025-10-01,144
기아,EV9,2025-11-01,186
기아,EV9,2025-12-01,64
기아,봉고 3 EV,2025-01-01,0
기아,봉고 3 EV,2025-02-01,569
기아,봉고 3 EV,2025-03-01,596
기아,봉고 3 EV,2025-04-01,340
기아,봉고 3 EV,2025-05-01,260
기아,봉고 3 EV,2025-06-01,252
기아,봉고 3 EV,2025-07-01,684
기아,봉고 3 EV,2025-08-01,644
기아,봉고 3 EV,2025-09-01,500
기아,봉고 3 EV,2025-10-01,195
기아,봉고 3 EV,2025-11-01,88
기아,봉고 3 EV,2025-12-01,41
기아,니로 EV,2025-01-01,11
기아,니로 EV,2025-02-01,53
기아,니로 EV,2025-03-01,29
기아,니로 EV,2025-04-01,72
기아,니로 EV,2025-05-01,27
기아,니로 EV,2025-06-01,8
기아,니로 EV,2025-07-01,8
기아,니로 EV,2025-08-01,25
기아,니로 EV,2025-09-01,23
기아,니로 EV,2025-10-01,6
기아,니로 EV,2025-11-01,31
기아,니로 EV,2025-12-01,1
제네시스,G80,2025-01-01,2710
제네시스,G80,2025-02-01,3982
제네시스,G80,2025-03-01,3632
제네시스,G80,2025-04-01,4221
제네시스,G80,2025-05-01,3592
제네시스,G80,2025-06-01,3466
제네시스,G80,2025-07-01,2711
제네시스,G80,2025-08-01,2745
제네시스,G80,2025-09-01,3198
제네시스,G80,2025-10-01,2940
제네시스,G80,2025-11-01,3596
제네시스,G80,2025-12-01,3371
제네시스,GV70,2025-01-01,2734
제네시스,GV70,2025-02-01,2658
제네시스,GV70,2025-03-01,2871
제네시스,GV70,2025-04-01,2965
제네시스,GV70,2025-05-01,2343
제네시스,GV70,2025-06-01,2897
제네시스,GV70,2025-07-01,2444
제네시스,GV70,2025-08-01,2882
제네시스,GV70,2025-09-01,2690
제네시스,GV70,2025-10-01,2435
제네시스,GV70,2025-11-01,3688
제네시스,GV70,2025-12-01,2963
제네시스,GV80,2025-01-01,2692
제네시스,GV80,2025-02-01,2642
제네시스,GV80,2025-03-01,2929
제네시스,GV80,2025-04-01,2927
제네시스,GV80,2025-05-01,2354
제네시스,GV80,2025-06-01,2954
제네시스,GV80,2025-07-01,2157
제네시스,GV80,2025-08-01,2635
제네시스,GV80,2025-09-01,2564
제네시스,GV80,2025-10-01,2850
제네시스,GV80,2025-11-01,3203
제네시스,GV80,2025-12-01,2490
제네시스,G90,2025-01-01,554
제네시스,G90,2025-02-01,628
제네시스,G90,2025-03-01,559
제네시스,G90,2025-04-01,787
제네시스,G90,2025-05-01,736
제네시스,G90,2025-06-01,668
제네시스,G90,2025-07-01,579
제네시스,G90,2025-08-01,577
제네시스,G90,2025-09-01,575
제네시스,G90,2025-10-01,492
제네시스,G90,2025-11-01,557
제네시스,G90,2025-12-01,635
제네시스,G70,2025-01-01,107
제네시스,G70,2025-02-01,162
제네시스,G70,2025-03-01,144
제네시스,G70,2025-04-01,210
제네시스,G70,2025-05-01,169
제네시스,G70,2025-06-01,206
제네시스,G70,2025-07-01,71
제네시스,G70,2025-08-01,199
제네시스,G70,2025-09-01,173
제네시스,G70,2025-10-01,127
제네시스,G70,2025-11-01,148
제네시스,G70,2025-12-01,157
제네시스,Electrified G80,2025-01-01,20
제네시스,Electrified G80,2025-02-01,44
제네시스,Electrified G80,2025-03-01,217
제네시스,Electrified G80,2025-04-01,119
제네시스,Electrified G80,2025-05-01,120
제네시스,Electrified G80,2025-06-01,78
제네시스,Electrified G80,2025-07-01,75
제네시스,Electrified G80,2025-08-01,81
제네시스,Electrified G80,2025-09-01,156
제네시스,Electrified G80,2025-10-01,51
제네시스,Electrified G80,2025-11-01,125
제네시스,Electrified G80,2025-12-01,41
제네시스,Electrified GV70,2025-01-01,0
제네시스,Electrified GV70,2025-02-01,91
제네시스,Electrified GV70,2025-03-01,237
제네시스,Electrified GV70,2025-04-01,128
제네시스,Electrified GV70,2025-05-01,92
제네시스,Electrified GV70,2025-06-01,105
제네시스,Electrified GV70,2025-07-01,109
제네시스,Electrified GV70,2025-08-01,101
제네시스,Electrified GV70,2025-09-01,101
제네시스,Electrified GV70,2025-10-01,77
제네시스,Electrified GV70,2025-11-01,82
제네시스,Electrified GV70,2025-12-01,14
제네시스,GV60,2025-01-01,0
제네시스,GV60,2025-02-01,0
제네시스,GV60,2025-03-01,6
제네시스,GV60,2025-04-01,147
제네시스,GV60,2025-05-01,111
제네시스,GV60,2025-06-01,80
제네시스,GV60,2025-07-01,81
제네시스,GV60,2025-08-01,91
제네시스,GV60,2025-09-01,81
제네시스,GV60,2025-10-01,88
제네시스,GV60,2025-11-01,66
제네시스,GV60,2025-12-01,9
쉐보레,트랙스 크로스오버,2025-01-01,953
쉐보레,트랙스 크로스오버,2025-02-01,1120
쉐보레,트랙스 크로스오버,2025-03-01,1097
쉐보레,트랙스 크로스오버,2025-04-01,1079
쉐보레,트랙스 크로스오버,2025-05-01,1122
쉐보레,트랙스 크로스오버,2025-06-01,1004
쉐보레,트랙스 크로스오버,2025-07-01,1001
쉐보레,트랙스 크로스오버,2025-08-01,993
쉐보레,트랙스 크로스오버,2025-09-01,1012
쉐보레,트랙스 크로스오버,2025-10-01,959
쉐보레,트랙스 크로스오버,2025-11-01,819
쉐보레,트랙스 크로스오버,2025-12-01,950
쉐보레,트레일블레이저,2025-01-01,199
쉐보레,트레일블레이저,2025-02-01,302
쉐보레,트레일블레이저,2025-03-01,259
쉐보레,트레일블레이저,2025-04-01,209
쉐보레,트레일블레이저,2025-05-01,257
쉐보레,트레일블레이저,2025-06-01,244
쉐보레,트레일블레이저,2025-07-01,190
쉐보레,트레일블레이저,2025-08-01,185
쉐보레,트레일블레이저,2025-09-01,190
쉐보레,트레일블레이저,2025-10-01,181
쉐보레,트레일블레이저,2025-11-01,133
쉐보레,트레일블레이저,2025-12-01,160
쉐보레,콜로라도,2025-01-01,14
쉐보레,콜로라도,2025-02-01,10
쉐보레,콜로라도,2025-03-01,13
쉐보레,콜로라도,2025-04-01,10
쉐보레,콜로라도,2025-05-01,4
쉐보레,콜로라도,2025-06-01,9
쉐보레,콜로라도,2025-07-01,8
쉐보레,콜로라도,2025-08-01,3
쉐보레,콜로라도,2025-09-01,4
쉐보레,콜로라도,2025-10-01,14
쉐보레,콜로라도,2025-11-01,7
쉐보레,콜로라도,2025-12-01,16
KGM,액티언,2025-01-01,478
KGM,액티언,2025-02-01,355
KGM,액티언,2025-03-01,310
KGM,액티언,2025-04-01,258
KGM,액티언,2025-05-01,198
KGM,액티언,2025-06-01,265
KGM,액티언,2025-07-01,1248
KGM,액티언,2025-08-01,1040
KGM,액티언,2025-09-01,1057
KGM,액티언,2025-10-01,701
KGM,액티언,2025-11-01,677
KGM,액티언,2025-12-01,785
KGM,티볼리,2025-01-01,293
KGM,티볼리,2025-02-01,428
KGM,티볼리,2025-03-01,390
KGM,티볼리,2025-04-01,428
KGM,티볼리,2025-05-01,452
KGM,티볼리,2025-06-01,379
KGM,티볼리,2025-07-01,446
KGM,티볼리,2025-08-01,469
KGM,티볼리,2025-09-01,501
KGM,티볼리,2025-10-01,506
KGM,티볼리,2025-11-01,424
KGM,티볼리,2025-12-01,585
KGM,토레스,2025-01-01,547
KGM,토레스,2025-02-01,579
KGM,토레스,2025-03-01,1058
KGM,토레스,2025-04-01,989
KGM,토레스,2025-05-01,762
KGM,토레스,2025-06-01,654
KGM,토레스,2025-07-01,511
KGM,토레스,2025-08-01,382
KGM,토레스,2025-09-01,663
KGM,토레스,2025-10-01,957
KGM,토레스,2025-11-01,1127
KGM,토레스,2025-12-01,430
KGM,무쏘 스포츠,2025-01-01,0
KGM,무쏘 스포츠,2025-02-01,0
KGM,무쏘 스포츠,2025-03-01,279
KGM,무쏘 스포츠,2025-04-01,569
KGM,무쏘 스포츠,2025-05-01,405
KGM,무쏘 스포츠,2025-06-01,431
KGM,무쏘 스포츠,2025-07-01,373
KGM,무쏘 스포츠,2025-08-01,445
KGM,무쏘 스포츠,2025-09-01,387
KGM,무쏘 스포츠,2025-10-01,335
KGM,무쏘 스포츠,2025-11-01,340
KGM,무쏘 스포츠,2025-12-01,427
KGM,무쏘 칸,2025-01-01,0
KGM,무쏘 칸,2025-02-01,0
KGM,무쏘 칸,2025-03-01,232
KGM,무쏘 칸,2025-04-01,340
KGM,무쏘 칸,2025-05-01,341
KGM,무쏘 칸,2025-06-01,345
KGM,무쏘 칸,2025-07-01,239
KGM,무쏘 칸,2025-08-01,226
KGM,무쏘 칸,2025-09-01,240
KGM,무쏘 칸,2025-10-01,231
KGM,무쏘 칸,2025-11-01,180
KGM,무쏘 칸,2025-12-01,223
KGM,렉스턴 뉴 아레나,2025-01-01,109
KGM,렉스턴 뉴 아레나,2025-02-01,95
KGM,렉스턴 뉴 아레나,2025-03-01,105
KGM,렉스턴 뉴 아레나,2025-04-01,124
KGM,렉스턴 뉴 아레나,2025-05-01,94
KGM,렉스턴 뉴 아레나,2025-06-01,111
KGM,렉스턴 뉴 아레나,2025-07-01,107
KGM,렉스턴 뉴 아레나,2025-08-01,168
KGM,렉스턴 뉴 아레나,2025-09-01,102
KGM,렉스턴 뉴 아레나,2025-10-01,125
KGM,렉스턴 뉴 아레나,2025-11-01,97
KGM,렉스턴 뉴 아레나,2025-12-01,124
KGM,코란도,2025-01-01,44
KGM,코란도,2025-02-01,63
KGM,코란도,2025-03-01,41
KGM,코란도,2025-04-01,43
KGM,코란도,2025-05-01,50
KGM,코란도,2025-06-01,56
KGM,코란도,2025-07-01,31
KGM,코란도,2025-08-01,32
KGM,코란도,2025-09-01,33
KGM,코란도,2025-10-01,20
KGM,코란도,2025-11-01,24
KGM,코란도,2025-12-01,40
KGM,무쏘 EV,2025-01-01,0
KGM,무쏘 EV,2025-02-01,0
KGM,무쏘 EV,2025-03-01,526
KGM,무쏘 EV,2025-04-01,719
KGM,무쏘 EV,2025-05-01,1167
KGM,무쏘 EV,2025-06-01,563
KGM,무쏘 EV,2025-07-01,1339
KGM,무쏘 EV,2025-08-01,1040
KGM,무쏘 EV,2025-09-01,957
KGM,무쏘 EV,2025-10-01,581
KGM,무쏘 EV,2025-11-01,219
KGM,무쏘 EV,2025-12-01,39
KGM,토레스 EVX,2025-01-01,12
KGM,토레스 EVX,2025-02-01,440
KGM,토레스 EVX,2025-03-01,264
KGM,토레스 EVX,2025-04-01,74
KGM,토레스 EVX,2025-05-01,90
KGM,토레스 EVX,2025-06-01,237
KGM,토레스 EVX,2025-07-01,162
KGM,토레스 EVX,2025-08-01,253
KGM,토레스 EVX,2025-09-01,160
KGM,토레스 EVX,2025-10-01,81
KGM,토레스 EVX,2025-11-01,33
KGM,토레스 EVX,2025-12-01,6
르노코리아,그랑 콜레오스,2025-01-01,2040
르노코리아,그랑 콜레오스,2025-02-01,4106
르노코리아,그랑 콜레오스,2025-03-01,5195
르노코리아,그랑 콜레오스,2025-04-01,4375
르노코리아,그랑 콜레오스,2025-05-01,3296
르노코리아,그랑 콜레오스,2025-06-01,4098
르노코리아,그랑 콜레오스,2025-07-01,3029
르노코리아,그랑 콜레오스,2025-08-01,2903
르노코리아,그랑 콜레오스,2025-09-01,3019
르노코리아,그랑 콜레오스,2025-10-01,2934
르노코리아,그랑 콜레오스,2025-11-01,2403
르노코리아,그랑 콜레오스,2025-12-01,3479
르노코리아,아르카나,2025-01-01,272
르노코리아,아르카나,2025-02-01,260
르노코리아,아르카나,2025-03-01,375
르노코리아,아르카나,2025-04-01,433
르노코리아,아르카나,2025-05-01,461
르노코리아,아르카나,2025-06-01,487
르노코리아,아르카나,2025-07-01,511
르노코리아,아르카나,2025-08-01,451
르노코리아,아르카나,2025-09-01,530
르노코리아,아르카나,2025-10-01,447
르노코리아,아르카나,2025-11-01,560
르노코리아,아르카나,2025-12-01,775
르노코리아,세닉 E-테크 일렉트릭,2025-01-01,0
르노코리아,세닉 E-테크 일렉트릭,2025-02-01,0
르노코리아,세닉 E-테크 일렉트릭,2025-03-01,0
르노코리아,세닉 E-테크 일렉트릭,2025-04-01,0
르노코리아,세닉 E-테크 일렉트릭,2025-05-01,0
르노코리아,세닉 E-테크 일렉트릭,2025-06-01,10
르노코리아,세닉 E-테크 일렉트릭,2025-07-01,0
르노코리아,세닉 E-테크 일렉트릭,2025-08-01,38
르노코리아,세닉 E-테크 일렉트릭,2025-09-01,50
르노코리아,세닉 E-테크 일렉트릭,2025-10-01,22
르노코리아,세닉 E-테크 일렉트릭,2025-11-01,5
르노코리아,세닉 E-테크 일렉트릭,2025-12-01,517
BMW,5 Series,2025-01-01,1804
BMW,5 Series,2025-02-01,1719
BMW,5 Series,2025-03-01,2048
BMW,5 Series,2025-04-01,2040
BMW,5 Series,2025-05-01,2092
BMW,5 Series,2025-06-01,2255
BMW,5 Series,2025-07-01,2059
BMW,5 Series,2025-08-01,1993
BMW,5 Series,2025-09-01,2196
BMW,5 Series,2025-10-01,1783
BMW,5 Series,2025-11-01,1853
BMW,5 Series,2025-12-01,2034
BMW,3 Series,2025-01-01,388
BMW,3 Series,2025-02-01,455
BMW,3 Series,2025-03-01,407
BMW,3 Series,2025-04-01,495
BMW,3 Series,2025-05-01,507
BMW,3 Series,2025-06-01,574
BMW,3 Series,2025-07-01,666
BMW,3 Series,2025-08-01,525
BMW,3 Series,2025-09-01,556
BMW,3 Series,2025-10-01,667
BMW,3 Series,2025-11-01,630
BMW,3 Series,2025-12-01,594
BMW,X3,2025-01-01,518
BMW,X3,2025-02-01,588
BMW,X3,2025-03-01,581
BMW,X3,2025-04-01,452
BMW,X3,2025-05-01,555
BMW,X3,2025-06-01,544
BMW,X3,2025-07-01,545
BMW,X3,2025-08-01,505
BMW,X3,2025-09-01,577
BMW,X3,2025-10-01,607
BMW,X3,2025-11-01,646
BMW,X3,2025-12-01,585
BMW,X5,2025-01-01,564
BMW,X5,2025-02-01,481
BMW,X5,2025-03-01,423
BMW,X5,2025-04-01,598
BMW,X5,2025-05-01,591
BMW,X5,2025-06-01,369
BMW,X5,2025-07-01,414
BMW,X5,2025-08-01,553
BMW,X5,2025-09-01,606
BMW,X5,2025-10-01,507
BMW,X5,2025-11-01,530
BMW,X5,2025-12-01,530
BMW,7 Series,2025-01-01,463
BMW,7 Series,2025-02-01,408
BMW,7 Series,2025-03-01,467
BMW,7 Series,2025-04-01,397
BMW,7 Series,2025-05-01,412
BMW,7 Series,2025-06-01,400
BMW,7 Series,2025-07-01,454
BMW,7 Series,2025-08-01,524
BMW,7 Series,2025-09-01,393
BMW,7 Series,2025-10-01,386
BMW,7 Series,2025-11-01,431
BMW,7 Series,2025-12-01,393
BMW,X7,2025-01-01,395
BMW,X7,2025-02-01,402
BMW,X7,2025-03-01,430
BMW,X7,2025-04-01,440
BMW,X7,2025-05-01,385
BMW,X7,2025-06-01,369
BMW,X7,2025-07-01,369
BMW,X7,2025-08-01,321
BMW,X7,2025-09-01,338
BMW,X7,2025-10-01,371
BMW,X7,2025-11-01,383
BMW,X7,2025-12-01,390
BMW,X4,2025-01-01,231
BMW,X4,2025-02-01,323
BMW,X4,2025-03-01,286
BMW,X4,2025-04-01,316
BMW,X4,2025-05-01,298
BMW,X4,2025-06-01,360
BMW,X4,2025-07-01,317
BMW,X4,2025-08-01,316
BMW,X4,2025-09-01,305
BMW,X4,2025-10-01,303
BMW,X4,2025-11-01,374
BMW,X4,2025-12-01,364
BMW,i5,2025-01-01,92
BMW,i5,2025-02-01,104
BMW,i5,2025-03-01,169
BMW,i5,2025-04-01,156
BMW,i5,2025-05-01,139
BMW,i5,2025-06-01,168
BMW,i5,2025-07-01,174
BMW,i5,2025-08-01,76
BMW,i5,2025-09-01,64
BMW,i5,2025-10-01,233
BMW,i5,2025-11-01,298
BMW,i5,2025-12-01,303
BMW,X6,2025-01-01,320
BMW,X6,2025-02-01,340
BMW,X6,2025-03-01,337
BMW,X6,2025-04-01,356
BMW,X6,2025-05-01,308
BMW,X6,2025-06-01,290
BMW,X6,2025-07-01,315
BMW,X6,2025-08-01,302
BMW,X6,2025-09-01,308
BMW,X6,2025-10-01,233
BMW,X6,2025-11-01,290
BMW,X6,2025-12-01,241
BMW,X1,2025-01-01,164
BMW,X1,2025-02-01,249
BMW,X1,2025-03-01,225
BMW,X1,2025-04-01,248
BMW,X1,2025-05-01,177
BMW,X1,2025-06-01,211
BMW,X1,2025-07-01,210
BMW,X1,2025-08-01,234
BMW,X1,2025-09-01,216
BMW,X1,2025-10-01,188
BMW,X1,2025-11-01,195
BMW,X1,2025-12-01,209
BMW,4 Series,2025-01-01,105
BMW,4 Series,2025-02-01,201
BMW,4 Series,2025-03-01,181
BMW,4 Series,2025-04-01,194
BMW,4 Series,2025-05-01,186
BMW,4 Series,2025-06-01,214
BMW,4 Series,2025-07-01,208
BMW,4 Series,2025-08-01,216
BMW,4 Series,2025-09-01,176
BMW,4 Series,2025-10-01,202
BMW,4 Series,2025-11-01,216
BMW,4 Series,2025-12-01,176
BMW,X2,2025-01-01,42
BMW,X2,2025-02-01,65
BMW,X2,2025-03-01,72
BMW,X2,2025-04-01,52
BMW,X2,2025-05-01,58
BMW,X2,2025-06-01,73
BMW,X2,2025-07-01,65
BMW,X2,2025-08-01,81
BMW,X2,2025-09-01,107
BMW,X2,2025-10-01,76
BMW,X2,2025-11-01,88
BMW,X2,2025-12-01,86
BMW,2 Series Active Tourer,2025-01-01,108
BMW,2 Series Active Tourer,2025-02-01,178
BMW,2 Series Active Tourer,2025-03-01,165
BMW,2 Series Active Tourer,2025-04-01,132
BMW,2 Series Active Tourer,2025-05-01,86
BMW,2 Series Active Tourer,2025-06-01,107
BMW,2 Series Active Tourer,2025-07-01,74
BMW,2 Series Active Tourer,2025-08-01,62
BMW,2 Series Active Tourer,2025-09-01,73
BMW,2 Series Active Tourer,2025-10-01,59
BMW,2 Series Active Tourer,2025-11-01,75
BMW,2 Series Active Tourer,2025-12-01,85
BMW,iX,2025-01-01,0
BMW,iX,2025-02-01,0
BMW,iX,2025-03-01,0
BMW,iX,2025-04-01,0
BMW,iX,2025-05-01,0
BMW,iX,2025-06-01,1
BMW,iX,2025-07-01,2
BMW,iX,2025-08-01,121
BMW,iX,2025-09-01,121
BMW,iX,2025-10-01,68
BMW,iX,2025-11-01,69
BMW,iX,2025-12-01,84
BMW,1 Series,2025-01-01,0
BMW,1 Series,2025-02-01,0
BMW,1 Series,2025-03-01,0
BMW,1 Series,2025-04-01,0
BMW,1 Series,2025-05-01,0
BMW,1 Series,2025-06-01,0
BMW,1 Series,2025-07-01,33
BMW,1 Series,2025-08-01,36
BMW,1 Series,2025-09-01,38
BMW,1 Series,2025-10-01,31
BMW,1 Series,2025-11-01,43
BMW,1 Series,2025-12-01,74
BMW,i7,2025-01-01,43
BMW,i7,2025-02-01,65
BMW,i7,2025-03-01,60
BMW,i7,2025-04-01,60
BMW,i7,2025-05-01,47
BMW,i7,2025-06-01,63
BMW,i7,2025-07-01,67
BMW,i7,2025-08-01,62
BMW,i7,2025-09-01,73
BMW,i7,2025-10-01,48
BMW,i7,2025-11-01,51
BMW,i7,2025-12-01,67
BMW,2 Series Gran Coupe,2025-01-01,0
BMW,2 Series Gran Coupe,2025-02-01,0
BMW,2 Series Gran Coupe,2025-03-01,0
BMW,2 Series Gran Coupe,2025-04-01,0
BMW,2 Series Gran Coupe,2025-05-01,0
BMW,2 Series Gran Coupe,2025-06-01,21
BMW,2 Series Gran Coupe,2025-07-01,11
BMW,2 Series Gran Coupe,2025-08-01,13
BMW,2 Series Gran Coupe,2025-09-01,36
BMW,2 Series Gran Coupe,2025-10-01,29
BMW,2 Series Gran Coupe,2025-11-01,40
BMW,2 Series Gran Coupe,2025-12-01,64
BMW,8 Series,2025-01-01,49
BMW,8 Series,2025-02-01,32
BMW,8 Series,2025-03-01,40
BMW,8 Series,2025-04-01,49
BMW,8 Series,2025-05-01,59
BMW,8 Series,2025-06-01,70
BMW,8 Series,2025-07-01,51
BMW,8 Series,2025-08-01,55
BMW,8 Series,2025-09-01,54
BMW,8 Series,2025-10-01,49
BMW,8 Series,2025-11-01,58
BMW,8 Series,2025-12-01,54
BMW,M2,2025-01-01,32
BMW,M2,2025-02-01,32
BMW,M2,2025-03-01,26
BMW,M2,2025-04-01,18
BMW,M2,2025-05-01,29
BMW,M2,2025-06-01,33
BMW,M2,2025-07-01,36
BMW,M2,2025-08-01,80
BMW,M2,2025-09-01,41
BMW,M2,2025-10-01,27
BMW,M2,2025-11-01,35
BMW,M2,2025-12-01,47
BMW,Z4,2025-01-01,29
BMW,Z4,2025-02-01,23
BMW,Z4,2025-03-01,37
BMW,Z4,2025-04-01,36
BMW,Z4,2025-05-01,47
BMW,Z4,2025-06-01,54
BMW,Z4,2025-07-01,44
BMW,Z4,2025-08-01,39
BMW,Z4,2025-09-01,52
BMW,Z4,2025-10-01,41
BMW,Z4,2025-11-01,44
BMW,Z4,2025-12-01,43
BMW,XM,2025-01-01,32
BMW,XM,2025-02-01,36
BMW,XM,2025-03-01,25
BMW,XM,2025-04-01,17
BMW,XM,2025-05-01,12
BMW,XM,2025-06-01,35
BMW,XM,2025-07-01,36
BMW,XM,2025-08-01,31
BMW,XM,2025-09-01,29
BMW,XM,2025-10-01,7
BMW,XM,2025-11-01,18
BMW,XM,2025-12-01,37
BMW,M5,2025-01-01,19
BMW,M5,2025-02-01,18
BMW,M5,2025-03-01,29
BMW,M5,2025-04-01,37
BMW,M5,2025-05-01,21
BMW,M5,2025-06-01,13
BMW,M5,2025-07-01,18
BMW,M5,2025-08-01,21
BMW,M5,2025-09-01,3
BMW,M5,2025-10-01,13
BMW,M5,2025-11-01,30
BMW,M5,2025-12-01,30
BMW,i4,2025-01-01,0
BMW,i4,2025-02-01,0
BMW,i4,2025-03-01,2
BMW,i4,2025-04-01,92
BMW,i4,2025-05-01,60
BMW,i4,2025-06-01,69
BMW,i4,2025-07-01,75
BMW,i4,2025-08-01,101
BMW,i4,2025-09-01,96
BMW,i4,2025-10-01,82
BMW,i4,2025-11-01,33
BMW,i4,2025-12-01,22
BMW,iX1,2025-01-01,26
BMW,iX1,2025-02-01,114
BMW,iX1,2025-03-01,59
BMW,iX1,2025-04-01,50
BMW,iX1,2025-05-01,43
BMW,iX1,2025-06-01,27
BMW,iX1,2025-07-01,49
BMW,iX1,2025-08-01,43
BMW,iX1,2025-09-01,53
BMW,iX1,2025-10-01,49
BMW,iX1,2025-11-01,41
BMW,iX1,2025-12-01,17
BMW,M3,2025-01-01,12
BMW,M3,2025-02-01,18
BMW,M3,2025-03-01,10
BMW,M3,2025-04-01,22
BMW,M3,2025-05-01,19
BMW,M3,2025-06-01,26
BMW,M3,2025-07-01,37
BMW,M3,2025-08-01,15
BMW,M3,2025-09-01,5
BMW,M3,2025-10-01,31
BMW,M3,2025-11-01,14
BMW,M3,2025-12-01,15
BMW,iX2,2025-01-01,0
BMW,iX2,2025-02-01,0
BMW,iX2,2025-03-01,2
BMW,iX2,2025-04-01,137
BMW,iX2,2025-05-01,45
BMW,iX2,2025-06-01,32
BMW,iX2,2025-07-01,23
BMW,iX2,2025-08-01,9
BMW,iX2,2025-09-01,5
BMW,iX2,2025-10-01,3
BMW,iX2,2025-11-01,1
BMW,iX2,2025-12-01,9
BMW,M4,2025-01-01,20
BMW,M4,2025-02-01,19
BMW,M4,2025-03-01,11
BMW,M4,2025-04-01,25
BMW,M4,2025-05-01,19
BMW,M4,2025-06-01,11
BMW,M4,2025-07-01,23
BMW,M4,2025-08-01,14
BMW,M4,2025-09-01,5
BMW,M4,2025-10-01,9
BMW,M4,2025-11-01,17
BMW,M4,2025-12-01,9
BMW,X5 M,2025-01-01,4
BMW,X5 M,2025-02-01,7
BMW,X5 M,2025-03-01,5
BMW,X5 M,2025-04-01,7
BMW,X5 M,2025-05-01,6
BMW,X5 M,2025-06-01,8
BMW,X5 M,2025-07-01,10
BMW,X5 M,2025-08-01,7
BMW,X5 M,2025-09-01,8
BMW,X5 M,2025-10-01,7
BMW,X5 M,2025-11-01,4
BMW,X5 M,2025-12-01,7
BMW,X4 M,2025-01-01,5
BMW,X4 M,2025-02-01,5
BMW,X4 M,2025-03-01,5
BMW,X4 M,2025-04-01,5
BMW,X4 M,2025-05-01,11
BMW,X4 M,2025-06-01,7
BMW,X4 M,2025-07-01,3
BMW,X4 M,2025-08-01,6
BMW,X4 M,2025-09-01,5
BMW,X4 M,2025-10-01,8
BMW,X4 M,2025-11-01,2
BMW,X4 M,2025-12-01,5
BMW,X6 M,2025-01-01,8
BMW,X6 M,2025-02-01,2
BMW,X6 M,2025-03-01,4
BMW,X6 M,2025-04-01,7
BMW,X6 M,2025-05-01,6
BMW,X6 M,2025-06-01,4
BMW,X6 M,2025-07-01,8
BMW,X6 M,2025-08-01,10
BMW,X6 M,2025-09-01,10
BMW,X6 M,2025-10-01,4
BMW,X6 M,2025-11-01,5
BMW,X6 M,2025-12-01,5
BMW,2 Series,2025-01-01,3
BMW,2 Series,2025-02-01,13
BMW,2 Series,2025-03-01,15
BMW,2 Series,2025-04-01,21
BMW,2 Series,2025-05-01,10
BMW,2 Series,2025-06-01,10
BMW,2 Series,2025-07-01,4
BMW,2 Series,2025-08-01,6
BMW,2 Series,2025-09-01,4
BMW,2 Series,2025-10-01,0
BMW,2 Series,2025-11-01,2
BMW,2 Series,2025-12-01,4
BMW,iX3,2025-01-01,30
BMW,iX3,2025-02-01,86
BMW,iX3,2025-03-01,138
BMW,iX3,2025-04-01,114
BMW,iX3,2025-05-01,88
BMW,iX3,2025-06-01,75
BMW,iX3,2025-07-01,79
BMW,iX3,2025-08-01,78
BMW,iX3,2025-09-01,55
BMW,iX3,2025-10-01,56
BMW,iX3,2025-11-01,9
BMW,iX3,2025-12-01,3
벤츠,E-Class,2025-01-01,1438
벤츠,E-Class,2025-02-01,1871
벤츠,E-Class,2025-03-01,3086
벤츠,E-Class,2025-04-01,2180
벤츠,E-Class,2025-05-01,2348
벤츠,E-Class,2025-06-01,2595
벤츠,E-Class,2025-07-01,1379
벤츠,E-Class,2025-08-01,1693
벤츠,E-Class,2025-09-01,3273
벤츠,E-Class,2025-10-01,2489
벤츠,E-Class,2025-11-01,2835
벤츠,E-Class,2025-12-01,3501
벤츠,GLC-Class,2025-01-01,641
벤츠,GLC-Class,2025-02-01,726
벤츠,GLC-Class,2025-03-01,676
벤츠,GLC-Class,2025-04-01,310
벤츠,GLC-Class,2025-05-01,896
벤츠,GLC-Class,2025-06-01,1011
벤츠,GLC-Class,2025-07-01,840
벤츠,GLC-Class,2025-08-01,653
벤츠,GLC-Class,2025-09-01,900
벤츠,GLC-Class,2025-10-01,752
벤츠,GLC-Class,2025-11-01,806
벤츠,GLC-Class,2025-12-01,1120
벤츠,GLE-Class,2025-01-01,368
벤츠,GLE-Class,2025-02-01,338
벤츠,GLE-Class,2025-03-01,534
벤츠,GLE-Class,2025-04-01,519
벤츠,GLE-Class,2025-05-01,696
벤츠,GLE-Class,2025-06-01,605
벤츠,GLE-Class,2025-07-01,361
벤츠,GLE-Class,2025-08-01,442
벤츠,GLE-Class,2025-09-01,692
벤츠,GLE-Class,2025-10-01,758
벤츠,GLE-Class,2025-11-01,774
벤츠,GLE-Class,2025-12-01,868
벤츠,S-Class,2025-01-01,214
벤츠,S-Class,2025-02-01,289
벤츠,S-Class,2025-03-01,464
벤츠,S-Class,2025-04-01,311
벤츠,S-Class,2025-05-01,369
벤츠,S-Class,2025-06-01,361
벤츠,S-Class,2025-07-01,528
벤츠,S-Class,2025-08-01,352
벤츠,S-Class,2025-09-01,492
벤츠,S-Class,2025-10-01,456
벤츠,S-Class,2025-11-01,504
벤츠,S-Class,2025-12-01,844
벤츠,G-Class,2025-01-01,267
벤츠,G-Class,2025-02-01,272
벤츠,G-Class,2025-03-01,205
벤츠,G-Class,2025-04-01,334
벤츠,G-Class,2025-05-01,481
벤츠,G-Class,2025-06-01,244
벤츠,G-Class,2025-07-01,271
벤츠,G-Class,2025-08-01,157
벤츠,G-Class,2025-09-01,223
벤츠,G-Class,2025-10-01,184
벤츠,G-Class,2025-11-01,118
벤츠,G-Class,2025-12-01,337
벤츠,CLE,2025-01-01,247
벤츠,CLE,2025-02-01,353
벤츠,CLE,2025-03-01,305
벤츠,CLE,2025-04-01,258
벤츠,CLE,2025-05-01,329
벤츠,CLE,2025-06-01,311
벤츠,CLE,2025-07-01,254
벤츠,CLE,2025-08-01,158
벤츠,CLE,2025-09-01,279
벤츠,CLE,2025-10-01,262
벤츠,CLE,2025-11-01,229
벤츠,CLE,2025-12-01,331
벤츠,GLS-Class,2025-01-01,105
벤츠,GLS-Class,2025-02-01,116
벤츠,GLS-Class,2025-03-01,135
벤츠,GLS-Class,2025-04-01,133
벤츠,GLS-Class,2025-05-01,133
벤츠,GLS-Class,2025-06-01,95
벤츠,GLS-Class,2025-07-01,94
벤츠,GLS-Class,2025-08-01,145
벤츠,GLS-Class,2025-09-01,216
벤츠,GLS-Class,2025-10-01,216
벤츠,GLS-Class,2025-11-01,217
벤츠,GLS-Class,2025-12-01,288
벤츠,GLB-Class,2025-01-01,53
벤츠,GLB-Class,2025-02-01,56
벤츠,GLB-Class,2025-03-01,145
벤츠,GLB-Class,2025-04-01,95
벤츠,GLB-Class,2025-05-01,181
벤츠,GLB-Class,2025-06-01,98
벤츠,GLB-Class,2025-07-01,68
벤츠,GLB-Class,2025-08-01,70
벤츠,GLB-Class,2025-09-01,91
벤츠,GLB-Class,2025-10-01,72
벤츠,GLB-Class,2025-11-01,52
벤츠,GLB-Class,2025-12-01,177
벤츠,EQB,2025-01-01,1
벤츠,EQB,2025-02-01,8
벤츠,EQB,2025-03-01,23
벤츠,EQB,2025-04-01,8
벤츠,EQB,2025-05-01,6
벤츠,EQB,2025-06-01,4
벤츠,EQB,2025-07-01,20
벤츠,EQB,2025-08-01,71
벤츠,EQB,2025-09-01,82
벤츠,EQB,2025-10-01,51
벤츠,EQB,2025-11-01,117
벤츠,EQB,2025-12-01,125
벤츠,CLA-Class,2025-01-01,62
벤츠,CLA-Class,2025-02-01,72
벤츠,CLA-Class,2025-03-01,102
벤츠,CLA-Class,2025-04-01,43
벤츠,CLA-Class,2025-05-01,85
벤츠,CLA-Class,2025-06-01,29
벤츠,CLA-Class,2025-07-01,16
벤츠,CLA-Class,2025-08-01,34
벤츠,CLA-Class,2025-09-01,40
벤츠,CLA-Class,2025-10-01,36
벤츠,CLA-Class,2025-11-01,55
벤츠,CLA-Class,2025-12-01,118
벤츠,A-Class,2025-01-01,90
벤츠,A-Class,2025-02-01,122
벤츠,A-Class,2025-03-01,181
벤츠,A-Class,2025-04-01,114
벤츠,A-Class,2025-05-01,174
벤츠,A-Class,2025-06-01,65
벤츠,A-Class,2025-07-01,79
벤츠,A-Class,2025-08-01,53
벤츠,A-Class,2025-09-01,74
벤츠,A-Class,2025-10-01,39
벤츠,A-Class,2025-11-01,35
벤츠,A-Class,2025-12-01,107
벤츠,EQA,2025-01-01,5
벤츠,EQA,2025-02-01,10
벤츠,EQA,2025-03-01,3
벤츠,EQA,2025-04-01,10
벤츠,EQA,2025-05-01,16
벤츠,EQA,2025-06-01,25
벤츠,EQA,2025-07-01,48
벤츠,EQA,2025-08-01,70
벤츠,EQA,2025-09-01,78
벤츠,EQA,2025-10-01,66
벤츠,EQA,2025-11-01,88
벤츠,EQA,2025-12-01,63
벤츠,GLA-Class,2025-01-01,17
벤츠,GLA-Class,2025-02-01,22
벤츠,GLA-Class,2025-03-01,43
벤츠,GLA-Class,2025-04-01,24
벤츠,GLA-Class,2025-05-01,70
벤츠,GLA-Class,2025-06-01,38
벤츠,GLA-Class,2025-07-01,24
벤츠,GLA-Class,2025-08-01,48
벤츠,GLA-Class,2025-09-01,26
벤츠,GLA-Class,2025-10-01,33
벤츠,GLA-Class,2025-11-01,23
벤츠,GLA-Class,2025-12-01,59
벤츠,Maybach S-Class,2025-01-01,83
벤츠,Maybach S-Class,2025-02-01,52
벤츠,Maybach S-Class,2025-03-01,86
벤츠,Maybach S-Class,2025-04-01,48
벤츠,Maybach S-Class,2025-05-01,26
벤츠,Maybach S-Class,2025-06-01,34
벤츠,Maybach S-Class,2025-07-01,51
벤츠,Maybach S-Class,2025-08-01,41
벤츠,Maybach S-Class,2025-09-01,62
벤츠,Maybach S-Class,2025-10-01,54
벤츠,Maybach S-Class,2025-11-01,49
벤츠,Maybach S-Class,2025-12-01,58
벤츠,C-Class,2025-01-01,97
벤츠,C-Class,2025-02-01,127
벤츠,C-Class,2025-03-01,442
벤츠,C-Class,2025-04-01,256
벤츠,C-Class,2025-05-01,411
벤츠,C-Class,2025-06-01,373
벤츠,C-Class,2025-07-01,208
벤츠,C-Class,2025-08-01,167
벤츠,C-Class,2025-09-01,159
벤츠,C-Class,2025-10-01,175
벤츠,C-Class,2025-11-01,126
벤츠,C-Class,2025-12-01,55
벤츠,Maybach GLS,2025-01-01,23
벤츠,Maybach GLS,2025-02-01,24
벤츠,Maybach GLS,2025-03-01,21
벤츠,Maybach GLS,2025-04-01,29
벤츠,Maybach GLS,2025-05-01,19
벤츠,Maybach GLS,2025-06-01,24
벤츠,Maybach GLS,2025-07-01,39
벤츠,Maybach GLS,2025-08-01,34
벤츠,Maybach GLS,2025-09-01,57
벤츠,Maybach GLS,2025-10-01,43
벤츠,Maybach GLS,2025-11-01,35
벤츠,Maybach GLS,2025-12-01,51
벤츠,AMG GT,2025-01-01,25
벤츠,AMG GT,2025-02-01,40
벤츠,AMG GT,2025-03-01,107
벤츠,AMG GT,2025-04-01,57
벤츠,AMG GT,2025-05-01,8
벤츠,AMG GT,2025-06-01,5
벤츠,AMG GT,2025-07-01,14
벤츠,AMG GT,2025-08-01,15
벤츠,AMG GT,2025-09-01,32
벤츠,AMG GT,2025-10-01,31
벤츠,AMG GT,2025-11-01,15
벤츠,AMG GT,2025-12-01,31
벤츠,EQE SUV,2025-01-01,16
벤츠,EQE SUV,2025-02-01,49
벤츠,EQE SUV,2025-03-01,79
벤츠,EQE SUV,2025-04-01,72
벤츠,EQE SUV,2025-05-01,60
벤츠,EQE SUV,2025-06-01,29
벤츠,EQE SUV,2025-07-01,36
벤츠,EQE SUV,2025-08-01,28
벤츠,EQE SUV,2025-09-01,14
벤츠,EQE SUV,2025-10-01,25
벤츠,EQE SUV,2025-11-01,3
벤츠,EQE SUV,2025-12-01,22
벤츠,SL-Class,2025-01-01,7
벤츠,SL-Class,2025-02-01,26
벤츠,SL-Class,2025-03-01,40
벤츠,SL-Class,2025-04-01,34
벤츠,SL-Class,2025-05-01,37
벤츠,SL-Class,2025-06-01,19
벤츠,SL-Class,2025-07-01,26
벤츠,SL-Class,2025-08-01,23
벤츠,SL-Class,2025-09-01,25
벤츠,SL-Class,2025-10-01,12
벤츠,SL-Class,2025-11-01,13
벤츠,SL-Class,2025-12-01,16
벤츠,The New AMG GT,2025-01-01,0
벤츠,The New AMG GT,2025-02-01,0
벤츠,The New AMG GT,2025-03-01,0
벤츠,The New AMG GT,2025-04-01,0
벤츠,The New AMG GT,2025-05-01,6
벤츠,The New AMG GT,2025-06-01,18
벤츠,The New AMG GT,2025-07-01,19
벤츠,The New AMG GT,2025-08-01,16
벤츠,The New AMG GT,2025-09-01,18
벤츠,The New AMG GT,2025-10-01,9
벤츠,The New AMG GT,2025-11-01,16
벤츠,The New AMG GT,2025-12-01,15
벤츠,Electric G-Class,2025-01-01,6
벤츠,Electric G-Class,2025-02-01,7
벤츠,Electric G-Class,2025-03-01,1
벤츠,Electric G-Class,2025-04-01,5
벤츠,Electric G-Class,2025-05-01,23
벤츠,Electric G-Class,2025-06-01,23
벤츠,Electric G-Class,2025-07-01,23
벤츠,Electric G-Class,2025-08-01,26
벤츠,Electric G-Class,2025-09-01,31
벤츠,Electric G-Class,2025-10-01,23
벤츠,Electric G-Class,2025-11-01,16
벤츠,Electric G-Class,2025-12-01,12
벤츠,EQS SUV,2025-01-01,7
벤츠,EQS SUV,2025-02-01,7
벤츠,EQS SUV,2025-03-01,15
벤츠,EQS SUV,2025-04-01,25
벤츠,EQS SUV,2025-05-01,24
벤츠,EQS SUV,2025-06-01,20
벤츠,EQS SUV,2025-07-01,61
벤츠,EQS SUV,2025-08-01,24
벤츠,EQS SUV,2025-09-01,20
벤츠,EQS SUV,2025-10-01,29
벤츠,EQS SUV,2025-11-01,1
벤츠,EQS SUV,2025-12-01,5
벤츠,Maybach SL,2025-01-01,0
벤츠,Maybach SL,2025-02-01,0
벤츠,Maybach SL,2025-03-01,0
벤츠,Maybach SL,2025-04-01,0
벤츠,Maybach SL,2025-05-01,0
벤츠,Maybach SL,2025-06-01,0
벤츠,Maybach SL,2025-07-01,0
벤츠,Maybach SL,2025-08-01,0
벤츠,Maybach SL,2025-09-01,0
벤츠,Maybach SL,2025-10-01,0
벤츠,Maybach SL,2025-11-01,2
벤츠,Maybach SL,2025-12-01,1
벤츠,E-Class,2025-01-01,0
벤츠,E-Class,2025-02-01,3
벤츠,E-Class,2025-03-01,0
벤츠,E-Class,2025-04-01,2
벤츠,E-Class,2025-05-01,1
벤츠,E-Class,2025-06-01,0
벤츠,E-Class,2025-07-01,0
벤츠,E-Class,2025-08-01,0
벤츠,E-Class,2025-09-01,1
벤츠,E-Class,2025-10-01,1
벤츠,E-Class,2025-11-01,0
벤츠,E-Class,2025-12-01,1
벤츠,A-Class,2025-01-01,0
벤츠,A-Class,2025-02-01,0
벤츠,A-Class,2025-03-01,0
벤츠,A-Class,2025-04-01,0
벤츠,A-Class,2025-05-01,0
벤츠,A-Class,2025-06-01,0
벤츠,A-Class,2025-07-01,0
벤츠,A-Class,2025-08-01,0
벤츠,A-Class,2025-09-01,0
벤츠,A-Class,2025-10-01,0
벤츠,A-Class,2025-11-01,0
벤츠,A-Class,2025-12-01,1
벤츠,EQS,2025-01-01,0
벤츠,EQS,2025-02-01,0
벤츠,EQS,2025-03-01,1
벤츠,EQS,2025-04-01,4
벤츠,EQS,2025-05-01,2
벤츠,EQS,2025-06-01,1
벤츠,EQS,2025-07-01,4
벤츠,EQS,2025-08-01,2
벤츠,EQS,2025-09-01,8
벤츠,EQS,2025-10-01,8
벤츠,EQS,2025-11-01,2
벤츠,EQS,2025-12-01,1
아우디,The new A5,2025-01-01,0
아우디,The new A5,2025-02-01,0
아우디,The new A5,2025-03-01,0
아우디,The new A5,2025-04-01,0
아우디,The new A5,2025-05-01,0
아우디,The new A5,2025-06-01,10
아우디,The new A5,2025-07-01,130
아우디,The new A5,2025-08-01,97
아우디,The new A5,2025-09-01,101
아우디,The new A5,2025-10-01,131
아우디,The new A5,2025-11-01,190
아우디,The new A5,2025-12-01,277
아우디,The new Q5,2025-01-01,0
아우디,The new Q5,2025-02-01,0
아우디,The new Q5,2025-03-01,0
아우디,The new Q5,2025-04-01,0
아우디,The new Q5,2025-05-01,0
아우디,The new Q5,2025-06-01,10
아우디,The new Q5,2025-07-01,102
아우디,The new Q5,2025-08-01,89
아우디,The new Q5,2025-09-01,109
아우디,The new Q5,2025-10-01,154
아우디,The new Q5,2025-11-01,141
아우디,The new Q5,2025-12-01,191
아우디,A3,2025-01-01,0
아우디,A3,2025-02-01,28
아우디,A3,2025-03-01,31
아우디,A3,2025-04-01,78
아우디,A3,2025-05-01,136
아우디,A3,2025-06-01,166
아우디,A3,2025-07-01,127
아우디,A3,2025-08-01,34
아우디,A3,2025-09-01,66
아우디,A3,2025-10-01,83
아우디,A3,2025-11-01,57
아우디,A3,2025-12-01,109
아우디,A6 e-tron,2025-01-01,0
아우디,A6 e-tron,2025-02-01,0
아우디,A6 e-tron,2025-03-01,0
아우디,A6 e-tron,2025-04-01,0
아우디,A6 e-tron,2025-05-01,0
아우디,A6 e-tron,2025-06-01,0
아우디,A6 e-tron,2025-07-01,0
아우디,A6 e-tron,2025-08-01,32
아우디,A6 e-tron,2025-09-01,45
아우디,A6 e-tron,2025-10-01,27
아우디,A6 e-tron,2025-11-01,37
아우디,A6 e-tron,2025-12-01,37
아우디,Q8,2025-01-01,24
아우디,Q8,2025-02-01,38
아우디,Q8,2025-03-01,31
아우디,Q8,2025-04-01,32
아우디,Q8,2025-05-01,44
아우디,Q8,2025-06-01,49
아우디,Q8,2025-07-01,52
아우디,Q8,2025-08-01,39
아우디,Q8,2025-09-01,24
아우디,Q8,2025-10-01,24
아우디,Q8,2025-11-01,42
아우디,Q8,2025-12-01,28
아우디,Q3,2025-01-01,42
아우디,Q3,2025-02-01,61
아우디,Q3,2025-03-01,86
아우디,Q3,2025-04-01,131
아우디,Q3,2025-05-01,155
아우디,Q3,2025-06-01,139
아우디,Q3,2025-07-01,100
아우디,Q3,2025-08-01,84
아우디,Q3,2025-09-01,63
아우디,Q3,2025-10-01,51
아우디,Q3,2025-11-01,40
아우디,Q3,2025-12-01,26
아우디,Q6 e-tron,2025-01-01,0
아우디,Q6 e-tron,2025-02-01,5
아우디,Q6 e-tron,2025-03-01,35
아우디,Q6 e-tron,2025-04-01,41
아우디,Q6 e-tron,2025-05-01,51
아우디,Q6 e-tron,2025-06-01,86
아우디,Q6 e-tron,2025-07-01,123
아우디,Q6 e-tron,2025-08-01,290
아우디,Q6 e-tron,2025-09-01,314
아우디,Q6 e-tron,2025-10-01,63
아우디,Q6 e-tron,2025-11-01,71
아우디,Q6 e-tron,2025-12-01,18
아우디,A6,2025-01-01,42
아우디,A6,2025-02-01,120
아우디,A6,2025-03-01,288
아우디,A6,2025-04-01,292
아우디,A6,2025-05-01,229
아우디,A6,2025-06-01,70
아우디,A6,2025-07-01,56
아우디,A6,2025-08-01,19
아우디,A6,2025-09-01,11
아우디,A6,2025-10-01,14
아우디,A6,2025-11-01,23
아우디,A6,2025-12-01,16
아우디,Q7,2025-01-01,12
아우디,Q7,2025-02-01,13
아우디,Q7,2025-03-01,28
아우디,Q7,2025-04-01,26
아우디,Q7,2025-05-01,22
아우디,Q7,2025-06-01,25
아우디,Q7,2025-07-01,39
아우디,Q7,2025-08-01,48
아우디,Q7,2025-09-01,40
아우디,Q7,2025-10-01,53
아우디,Q7,2025-11-01,35
아우디,Q7,2025-12-01,16
아우디,Q4 e-tron,2025-01-01,41
아우디,Q4 e-tron,2025-02-01,258
아우디,Q4 e-tron,2025-03-01,485
아우디,Q4 e-tron,2025-04-01,77
아우디,Q4 e-tron,2025-05-01,303
아우디,Q4 e-tron,2025-06-01,347
아우디,Q4 e-tron,2025-07-01,430
아우디,Q4 e-tron,2025-08-01,444
아우디,Q4 e-tron,2025-09-01,582
아우디,Q4 e-tron,2025-10-01,19
아우디,Q4 e-tron,2025-11-01,12
아우디,Q4 e-tron,2025-12-01,13
아우디,A7,2025-01-01,22
아우디,A7,2025-02-01,21
아우디,A7,2025-03-01,38
아우디,A7,2025-04-01,74
아우디,A7,2025-05-01,31
아우디,A7,2025-06-01,45
아우디,A7,2025-07-01,47
아우디,A7,2025-08-01,47
아우디,A7,2025-09-01,55
아우디,A7,2025-10-01,48
아우디,A7,2025-11-01,33
아우디,A7,2025-12-01,7
아우디,Q8 e-tron,2025-01-01,5
아우디,Q8 e-tron,2025-02-01,1
아우디,Q8 e-tron,2025-03-01,7
아우디,Q8 e-tron,2025-04-01,3
아우디,Q8 e-tron,2025-05-01,2
아우디,Q8 e-tron,2025-06-01,1
아우디,Q8 e-tron,2025-07-01,1
아우디,Q8 e-tron,2025-08-01,0
아우디,Q8 e-tron,2025-09-01,0
아우디,Q8 e-tron,2025-10-01,3
아우디,Q8 e-tron,2025-11-01,7
아우디,Q8 e-tron,2025-12-01,7
아우디,A8,2025-01-01,5
아우디,A8,2025-02-01,9
아우디,A8,2025-03-01,3
아우디,A8,2025-04-01,5
아우디,A8,2025-05-01,3
아우디,A8,2025-06-01,5
아우디,A8,2025-07-01,7
아우디,A8,2025-08-01,5
아우디,A8,2025-09-01,5
아우디,A8,2025-10-01,9
아우디,A8,2025-11-01,11
아우디,A8,2025-12-01,3
아우디,A4,2025-01-01,28
아우디,A4,2025-02-01,9
아우디,A4,2025-03-01,11
아우디,A4,2025-04-01,7
아우디,A4,2025-05-01,3
아우디,A4,2025-06-01,3
아우디,A4,2025-07-01,3
아우디,A4,2025-08-01,6
아우디,A4,2025-09-01,3
아우디,A4,2025-10-01,1
아우디,A4,2025-11-01,0
아우디,A4,2025-12-01,1
테슬라,Model Y,2025-01-01,0
테슬라,Model Y,2025-02-01,0
테슬라,Model Y,2025-03-01,11
테슬라,Model Y,2025-04-01,804
테슬라,Model Y,2025-05-01,6237
테슬라,Model Y,2025-06-01,6162
테슬라,Model Y,2025-07-01,6559
테슬라,Model Y,2025-08-01,6683
테슬라,Model Y,2025-09-01,8361
테슬라,Model Y,2025-10-01,3712
테슬라,Model Y,2025-11-01,6180
테슬라,Model Y,2025-12-01,3478
테슬라,Model 3,2025-01-01,0
테슬라,Model 3,2025-02-01,109
테슬라,Model 3,2025-03-01,2344
테슬라,Model 3,2025-04-01,638
테슬라,Model 3,2025-05-01,330
테슬라,Model 3,2025-06-01,210
테슬라,Model 3,2025-07-01,798
테슬라,Model 3,2025-08-01,1291
테슬라,Model 3,2025-09-01,708
테슬라,Model 3,2025-10-01,636
테슬라,Model 3,2025-11-01,1412
테슬라,Model 3,2025-12-01,349
테슬라,Cybertruck,2025-01-01,0
테슬라,Cybertruck,2025-02-01,0
테슬라,Cybertruck,2025-03-01,0
테슬라,Cybertruck,2025-04-01,0
테슬라,Cybertruck,2025-05-01,0
테슬라,Cybertruck,2025-06-01,0
테슬라,Cybertruck,2025-07-01,0
테슬라,Cybertruck,2025-08-01,0
테슬라,Cybertruck,2025-09-01,0
테슬라,Cybertruck,2025-10-01,1
테슬라,Cybertruck,2025-11-01,32
테슬라,Cybertruck,2025-12-01,319
테슬라,Model X,2025-01-01,5
테슬라,Model X,2025-02-01,58
테슬라,Model X,2025-03-01,40
테슬라,Model X,2025-04-01,1
테슬라,Model X,2025-05-01,2
테슬라,Model X,2025-06-01,2
테슬라,Model X,2025-07-01,0
테슬라,Model X,2025-08-01,0
테슬라,Model X,2025-09-01,0
테슬라,Model X,2025-10-01,0
테슬라,Model X,2025-11-01,6
테슬라,Model X,2025-12-01,138
테슬라,Model S,2025-01-01,0
테슬라,Model S,2025-02-01,15
테슬라,Model S,2025-03-01,18
테슬라,Model S,2025-04-01,4
테슬라,Model S,2025-05-01,1
테슬라,Model S,2025-06-01,3
테슬라,Model S,2025-07-01,0
테슬라,Model S,2025-08-01,0
테슬라,Model S,2025-09-01,0
테슬라,Model S,2025-10-01,1
테슬라,Model S,2025-11-01,2
테슬라,Model S,2025-12-01,38
캐딜락,The New Escalade,2025-01-01,0
캐딜락,The New Escalade,2025-02-01,0
캐딜락,The New Escalade,2025-03-01,0
캐딜락,The New Escalade,2025-04-01,61
캐딜락,The New Escalade,2025-05-01,85
캐딜락,The New Escalade,2025-06-01,53
캐딜락,The New Escalade,2025-07-01,46
캐딜락,The New Escalade,2025-08-01,47
캐딜락,The New Escalade,2025-09-01,83
캐딜락,The New Escalade,2025-10-01,58
캐딜락,The New Escalade,2025-11-01,34
캐딜락,The New Escalade,2025-12-01,46
캐딜락,Lyriq,2025-01-01,4
캐딜락,Lyriq,2025-02-01,3
캐딜락,Lyriq,2025-03-01,19
캐딜락,Lyriq,2025-04-01,6
캐딜락,Lyriq,2025-05-01,12
캐딜락,Lyriq,2025-06-01,10
캐딜락,Lyriq,2025-07-01,15
캐딜락,Lyriq,2025-08-01,10
캐딜락,Lyriq,2025-09-01,12
캐딜락,Lyriq,2025-10-01,13
캐딜락,Lyriq,2025-11-01,39
캐딜락,Lyriq,2025-12-01,38
캐딜락,Escalade IQ,2025-01-01,0
캐딜락,Escalade IQ,2025-02-01,0
캐딜락,Escalade IQ,2025-03-01,0
캐딜락,Escalade IQ,2025-04-01,0
캐딜락,Escalade IQ,2025-05-01,0
캐딜락,Escalade IQ,2025-06-01,0
캐딜락,Escalade IQ,2025-07-01,0
캐딜락,Escalade IQ,2025-08-01,0
캐딜락,Escalade IQ,2025-09-01,2
캐딜락,Escalade IQ,2025-10-01,0
캐딜락,Escalade IQ,2025-11-01,5
캐딜락,Escalade IQ,2025-12-01,9
마세라티,Grecale Folgore,2025-01-01,0
마세라티,Grecale Folgore,2025-02-01,0
마세라티,Grecale Folgore,2025-03-01,7
마세라티,Grecale Folgore,2025-04-01,2
마세라티,Grecale Folgore,2025-05-01,8
마세라티,Grecale Folgore,2025-06-01,2
마세라티,Grecale Folgore,2025-07-01,4
마세라티,Grecale Folgore,2025-08-01,1
마세라티,Grecale Folgore,2025-09-01,3
마세라티,Grecale Folgore,2025-10-01,3
마세라티,Grecale Folgore,2025-11-01,30
마세라티,Grecale Folgore,2025-12-01,32
마세라티,Grecale,2025-01-01,11
마세라티,Grecale,2025-02-01,29
마세라티,Grecale,2025-03-01,13
마세라티,Grecale,2025-04-01,3
마세라티,Grecale,2025-05-01,7
마세라티,Grecale,2025-06-01,14
마세라티,Grecale,2025-07-01,24
마세라티,Grecale,2025-08-01,25
마세라티,Grecale,2025-09-01,25
마세라티,Grecale,2025-10-01,16
마세라티,Grecale,2025-11-01,9
마세라티,Grecale,2025-12-01,10
마세라티,GranTurismo,2025-01-01,2
마세라티,GranTurismo,2025-02-01,1
마세라티,GranTurismo,2025-03-01,2
마세라티,GranTurismo,2025-04-01,0
마세라티,GranTurismo,2025-05-01,2
마세라티,GranTurismo,2025-06-01,0
마세라티,GranTurismo,2025-07-01,0
마세라티,GranTurismo,2025-08-01,0
마세라티,GranTurismo,2025-09-01,1
마세라티,GranTurismo,2025-10-01,1
마세라티,GranTurismo,2025-11-01,0
마세라티,GranTurismo,2025-12-01,1
마세라티,MC20,2025-01-01,0
마세라티,MC20,2025-02-01,0
마세라티,MC20,2025-03-01,1
마세라티,MC20,2025-04-01,1
마세라티,MC20,2025-05-01,0
마세라티,MC20,2025-06-01,0
마세라티,MC20,2025-07-01,0
마세라티,MC20,2025-08-01,0
마세라티,MC20,2025-09-01,0
마세라티,MC20,2025-10-01,0
마세라티,MC20,2025-11-01,0
마세라티,MC20,2025-12-01,1
BYD,SEALION 7,2025-01-01,0
BYD,SEALION 7,2025-02-01,0
BYD,SEALION 7,2025-03-01,0
BYD,SEALION 7,2025-04-01,0
BYD,SEALION 7,2025-05-01,0
BYD,SEALION 7,2025-06-01,0
BYD,SEALION 7,2025-07-01,0
BYD,SEALION 7,2025-08-01,3
BYD,SEALION 7,2025-09-01,825
BYD,SEALION 7,2025-10-01,513
BYD,SEALION 7,2025-11-01,680
BYD,SEALION 7,2025-12-01,641
BYD,ATTO 3,2025-01-01,0
BYD,ATTO 3,2025-02-01,0
BYD,ATTO 3,2025-03-01,10
BYD,ATTO 3,2025-04-01,543
BYD,ATTO 3,2025-05-01,513
BYD,ATTO 3,2025-06-01,214
BYD,ATTO 3,2025-07-01,254
BYD,ATTO 3,2025-08-01,230
BYD,ATTO 3,2025-09-01,145
BYD,ATTO 3,2025-10-01,264
BYD,ATTO 3,2025-11-01,444
BYD,ATTO 3,2025-12-01,459
BYD,SEAL,2025-01-01,0
BYD,SEAL,2025-02-01,0
BYD,SEAL,2025-03-01,0
BYD,SEAL,2025-04-01,0
BYD,SEAL,2025-05-01,0
BYD,SEAL,2025-06-01,6
BYD,SEAL,2025-07-01,38
BYD,SEAL,2025-08-01,136
BYD,SEAL,2025-09-01,50
BYD,SEAL,2025-10-01,47
BYD,SEAL,2025-11-01,40
BYD,SEAL,2025-12-01,52
볼보,XC60,2025-01-01,0
볼보,XC60,2025-02-01,0
볼보,XC60,2025-03-01,0
볼보,XC60,2025-04-01,0
볼보,XC60,2025-05-01,0
볼보,XC60,2025-06-01,0
볼보,XC60,2025-07-01,0
볼보,XC60,2025-08-01,563
볼보,XC60,2025-09-01,620
볼보,XC60,2025-10-01,468
볼보,XC60,2025-11-01,605
볼보,XC60,2025-12-01,683
볼보,XC40,2025-01-01,196
볼보,XC40,2025-02-01,229
볼보,XC40,2025-03-01,242
볼보,XC40,2025-04-01,223
볼보,XC40,2025-05-01,215
볼보,XC40,2025-06-01,226
볼보,XC40,2025-07-01,145
볼보,XC40,2025-08-01,166
볼보,XC40,2025-09-01,290
볼보,XC40,2025-10-01,363
볼보,XC40,2025-11-01,257
볼보,XC40,2025-12-01,297
볼보,S90,2025-01-01,0
볼보,S90,2025-02-01,0
볼보,S90,2025-03-01,0
볼보,S90,2025-04-01,0
볼보,S90,2025-05-01,0
볼보,S90,2025-06-01,0
볼보,S90,2025-07-01,91
볼보,S90,2025-08-01,190
볼보,S90,2025-09-01,94
볼보,S90,2025-10-01,289
볼보,S90,2025-11-01,218
볼보,S90,2025-12-01,189
볼보,XC90,2025-01-01,0
볼보,XC90,2025-02-01,0
볼보,XC90,2025-03-01,0
볼보,XC90,2025-04-01,0
볼보,XC90,2025-05-01,0
볼보,XC90,2025-06-01,0
볼보,XC90,2025-07-01,264
볼보,XC90,2025-08-01,203
볼보,XC90,2025-09-01,198
볼보,XC90,2025-10-01,159
볼보,XC90,2025-11-01,196
볼보,XC90,2025-12-01,184
볼보,V60 Cross Country,2025-01-01,71
볼보,V60 Cross Country,2025-02-01,67
볼보,V60 Cross Country,2025-03-01,62
볼보,V60 Cross Country,2025-04-01,76
볼보,V60 Cross Country,2025-05-01,61
볼보,V60 Cross Country,2025-06-01,64
볼보,V60 Cross Country,2025-07-01,23
볼보,V60 Cross Country,2025-08-01,44
볼보,V60 Cross Country,2025-09-01,58
볼보,V60 Cross Country,2025-10-01,53
볼보,V60 Cross Country,2025-11-01,79
볼보,V60 Cross Country,2025-12-01,69
볼보,EX30,2025-01-01,62
볼보,EX30,2025-02-01,2
볼보,EX30,2025-03-01,478
볼보,EX30,2025-04-01,116
볼보,EX30,2025-05-01,149
볼보,EX30,2025-06-01,105
볼보,EX30,2025-07-01,68
볼보,EX30,2025-08-01,52
볼보,EX30,2025-09-01,75
볼보,EX30,2025-10-01,35
볼보,EX30,2025-11-01,41
볼보,EX30,2025-12-01,45
볼보,EX30 CC,2025-01-01,0
볼보,EX30 CC,2025-02-01,0
볼보,EX30 CC,2025-03-01,0
볼보,EX30 CC,2025-04-01,0
볼보,EX30 CC,2025-05-01,0
볼보,EX30 CC,2025-06-01,0
볼보,EX30 CC,2025-07-01,0
볼보,EX30 CC,2025-08-01,4
볼보,EX30 CC,2025-09-01,36
볼보,EX30 CC,2025-10-01,46
볼보,EX30 CC,2025-11-01,37
볼보,EX30 CC,2025-12-01,38
볼보,V90 Cross Country,2025-01-01,15
볼보,V90 Cross Country,2025-02-01,15
볼보,V90 Cross Country,2025-03-01,18
볼보,V90 Cross Country,2025-04-01,26
볼보,V90 Cross Country,2025-05-01,15
볼보,V90 Cross Country,2025-06-01,11
볼보,V90 Cross Country,2025-07-01,14
볼보,V90 Cross Country,2025-08-01,16
볼보,V90 Cross Country,2025-09-01,17
볼보,V90 Cross Country,2025-10-01,22
볼보,V90 Cross Country,2025-11-01,23
볼보,V90 Cross Country,2025-12-01,10
폭스바겐,Atlas,2025-01-01,0
폭스바겐,Atlas,2025-02-01,0
폭스바겐,Atlas,2025-03-01,0
폭스바겐,Atlas,2025-04-01,0
폭스바겐,Atlas,2025-05-01,24
폭스바겐,Atlas,2025-06-01,66
폭스바겐,Atlas,2025-07-01,37
폭스바겐,Atlas,2025-08-01,96
폭스바겐,Atlas,2025-09-01,92
폭스바겐,Atlas,2025-10-01,110
폭스바겐,Atlas,2025-11-01,136
폭스바겐,Atlas,2025-12-01,271
폭스바겐,Golf,2025-01-01,0
폭스바겐,Golf,2025-02-01,0
폭스바겐,Golf,2025-03-01,67
폭스바겐,Golf,2025-04-01,89
폭스바겐,Golf,2025-05-01,80
폭스바겐,Golf,2025-06-01,147
폭스바겐,Golf,2025-07-01,160
폭스바겐,Golf,2025-08-01,123
폭스바겐,Golf,2025-09-01,46
폭스바겐,Golf,2025-10-01,12
폭스바겐,Golf,2025-11-01,184
폭스바겐,Golf,2025-12-01,196
폭스바겐,Touareg,2025-01-01,35
폭스바겐,Touareg,2025-02-01,67
폭스바겐,Touareg,2025-03-01,70
폭스바겐,Touareg,2025-04-01,87
폭스바겐,Touareg,2025-05-01,33
폭스바겐,Touareg,2025-06-01,21
폭스바겐,Touareg,2025-07-01,23
폭스바겐,Touareg,2025-08-01,21
폭스바겐,Touareg,2025-09-01,42
폭스바겐,Touareg,2025-10-01,20
폭스바겐,Touareg,2025-11-01,70
폭스바겐,Touareg,2025-12-01,157
폭스바겐,ID.5,2025-01-01,1
폭스바겐,ID.5,2025-02-01,0
폭스바겐,ID.5,2025-03-01,4
폭스바겐,ID.5,2025-04-01,9
폭스바겐,ID.5,2025-05-01,288
폭스바겐,ID.5,2025-06-01,261
폭스바겐,ID.5,2025-07-01,79
폭스바겐,ID.5,2025-08-01,91
폭스바겐,ID.5,2025-09-01,30
폭스바겐,ID.5,2025-10-01,1
폭스바겐,ID.5,2025-11-01,62
폭스바겐,ID.5,2025-12-01,1
토요타,RAV4,2025-01-01,41
토요타,RAV4,2025-02-01,29
토요타,RAV4,2025-03-01,296
토요타,RAV4,2025-04-01,189
토요타,RAV4,2025-05-01,189
토요타,RAV4,2025-06-01,248
토요타,RAV4,2025-07-01,223
토요타,RAV4,2025-08-01,165
토요타,RAV4,2025-09-01,207
토요타,RAV4,2025-10-01,226
토요타,RAV4,2025-11-01,249
토요타,RAV4,2025-12-01,316
토요타,Camry,2025-01-01,125
토요타,Camry,2025-02-01,221
토요타,Camry,2025-03-01,299
토요타,Camry,2025-04-01,219
토요타,Camry,2025-05-01,148
토요타,Camry,2025-06-01,178
토요타,Camry,2025-07-01,163
토요타,Camry,2025-08-01,158
토요타,Camry,2025-09-01,213
토요타,Camry,2025-10-01,185
토요타,Camry,2025-11-01,176
토요타,Camry,2025-12-01,234
토요타,Alphard,2025-01-01,93
토요타,Alphard,2025-02-01,71
토요타,Alphard,2025-03-01,128
토요타,Alphard,2025-04-01,156
토요타,Alphard,2025-05-01,113
토요타,Alphard,2025-06-01,116
토요타,Alphard,2025-07-01,164
토요타,Alphard,2025-08-01,134
토요타,Alphard,2025-09-01,160
토요타,Alphard,2025-10-01,156
토요타,Alphard,2025-11-01,127
토요타,Alphard,2025-12-01,141
토요타,Crown,2025-01-01,46
토요타,Crown,2025-02-01,104
토요타,Crown,2025-03-01,56
토요타,Crown,2025-04-01,43
토요타,Crown,2025-05-01,92
토요타,Crown,2025-06-01,53
토요타,Crown,2025-07-01,88
토요타,Crown,2025-08-01,96
토요타,Crown,2025-09-01,92
토요타,Crown,2025-10-01,40
토요타,Crown,2025-11-01,72
토요타,Crown,2025-12-01,95
토요타,Prius,2025-01-01,55
토요타,Prius,2025-02-01,94
토요타,Prius,2025-03-01,67
토요타,Prius,2025-04-01,86
토요타,Prius,2025-05-01,99
토요타,Prius,2025-06-01,108
토요타,Prius,2025-07-01,104
토요타,Prius,2025-08-01,118
토요타,Prius,2025-09-01,105
토요타,Prius,2025-10-01,77
토요타,Prius,2025-11-01,95
토요타,Prius,2025-12-01,93
토요타,Sienna,2025-01-01,64
토요타,Sienna,2025-02-01,81
토요타,Sienna,2025-03-01,148
토요타,Sienna,2025-04-01,112
토요타,Sienna,2025-05-01,56
토요타,Sienna,2025-06-01,67
토요타,Sienna,2025-07-01,14
토요타,Sienna,2025-08-01,129
토요타,Sienna,2025-09-01,90
토요타,Sienna,2025-10-01,82
토요타,Sienna,2025-11-01,82
토요타,Sienna,2025-12-01,77
토요타,Highlander,2025-01-01,0
토요타,Highlander,2025-02-01,12
토요타,Highlander,2025-03-01,28
토요타,Highlander,2025-04-01,34
토요타,Highlander,2025-05-01,12
토요타,Highlander,2025-06-01,15
토요타,Highlander,2025-07-01,3
토요타,Highlander,2025-08-01,75
토요타,Highlander,2025-09-01,37
토요타,Highlander,2025-10-01,28
토요타,Highlander,2025-11-01,26
토요타,Highlander,2025-12-01,34
토요타,GR 86,2025-01-01,6
토요타,GR 86,2025-02-01,11
토요타,GR 86,2025-03-01,11
토요타,GR 86,2025-04-01,41
토요타,GR 86,2025-05-01,16
토요타,GR 86,2025-06-01,24
토요타,GR 86,2025-07-01,20
토요타,GR 86,2025-08-01,8
토요타,GR 86,2025-09-01,8
토요타,GR 86,2025-10-01,19
토요타,GR 86,2025-11-01,37
토요타,GR 86,2025-12-01,23
렉서스,ES,2025-01-01,632
렉서스,ES,2025-02-01,620
렉서스,ES,2025-03-01,583
렉서스,ES,2025-04-01,569
렉서스,ES,2025-05-01,421
렉서스,ES,2025-06-01,467
렉서스,ES,2025-07-01,460
렉서스,ES,2025-08-01,495
렉서스,ES,2025-09-01,614
렉서스,ES,2025-10-01,614
렉서스,ES,2025-11-01,648
렉서스,ES,2025-12-01,721
렉서스,NX,2025-01-01,272
렉서스,NX,2025-02-01,387
렉서스,NX,2025-03-01,438
렉서스,NX,2025-04-01,430
렉서스,NX,2025-05-01,403
렉서스,NX,2025-06-01,394
렉서스,NX,2025-07-01,459
렉서스,NX,2025-08-01,326
렉서스,NX,2025-09-01,324
렉서스,NX,2025-10-01,219
렉서스,NX,2025-11-01,77
렉서스,NX,2025-12-01,104
렉서스,UX,2025-01-01,51
렉서스,UX,2025-02-01,108
렉서스,UX,2025-03-01,108
렉서스,UX,2025-04-01,66
렉서스,UX,2025-05-01,67
렉서스,UX,2025-06-01,73
렉서스,UX,2025-07-01,92
렉서스,UX,2025-08-01,70
렉서스,UX,2025-09-01,97
렉서스,UX,2025-10-01,100
렉서스,UX,2025-11-01,81
렉서스,UX,2025-12-01,69
렉서스,LM,2025-01-01,45
렉서스,LM,2025-02-01,45
렉서스,LM,2025-03-01,45
렉서스,LM,2025-04-01,37
렉서스,LM,2025-05-01,45
렉서스,LM,2025-06-01,41
렉서스,LM,2025-07-01,51
렉서스,LM,2025-08-01,69
렉서스,LM,2025-09-01,55
렉서스,LM,2025-10-01,66
렉서스,LM,2025-11-01,38
렉서스,LM,2025-12-01,36
렉서스,LX,2025-01-01,2
렉서스,LX,2025-02-01,20
렉서스,LX,2025-03-01,47
렉서스,LX,2025-04-01,53
렉서스,LX,2025-05-01,27
렉서스,LX,2025-06-01,30
렉서스,LX,2025-07-01,41
렉서스,LX,2025-08-01,29
렉서스,LX,2025-09-01,38
렉서스,LX,2025-10-01,48
렉서스,LX,2025-11-01,39
렉서스,LX,2025-12-01,35
렉서스,RX,2025-01-01,116
렉서스,RX,2025-02-01,149
렉서스,RX,2025-03-01,183
렉서스,RX,2025-04-01,184
렉서스,RX,2025-05-01,166
렉서스,RX,2025-06-01,217
렉서스,RX,2025-07-01,257
렉서스,RX,2025-08-01,255
렉서스,RX,2025-09-01,282
렉서스,RX,2025-10-01,176
렉서스,RX,2025-11-01,139
렉서스,RX,2025-12-01,25
렉서스,LS,2025-01-01,8
렉서스,LS,2025-02-01,7
렉서스,LS,2025-03-01,10
렉서스,LS,2025-04-01,14
렉서스,LS,2025-05-01,5
렉서스,LS,2025-06-01,8
렉서스,LS,2025-07-01,9
렉서스,LS,2025-08-01,5
렉서스,LS,2025-09-01,7
렉서스,LS,2025-10-01,3
렉서스,LS,2025-11-01,17
렉서스,LS,2025-12-01,7
링컨,Nautilus,2025-01-01,72
링컨,Nautilus,2025-02-01,61
링컨,Nautilus,2025-03-01,82
링컨,Nautilus,2025-04-01,58
링컨,Nautilus,2025-05-01,48
링컨,Nautilus,2025-06-01,57
링컨,Nautilus,2025-07-01,69
링컨,Nautilus,2025-08-01,46
링컨,Nautilus,2025-09-01,72
링컨,Nautilus,2025-10-01,40
링컨,Nautilus,2025-11-01,57
링컨,Nautilus,2025-12-01,52
링컨,Aviator,2025-01-01,58
링컨,Aviator,2025-02-01,54
링컨,Aviator,2025-03-01,50
링컨,Aviator,2025-04-01,67
링컨,Aviator,2025-05-01,47
링컨,Aviator,2025-06-01,37
링컨,Aviator,2025-07-01,53
링컨,Aviator,2025-08-01,12
링컨,Aviator,2025-09-01,15
링컨,Aviator,2025-10-01,2
링컨,Aviator,2025-11-01,1
링컨,Aviator,2025-12-01,1
GMC,Sierra,2025-01-01,14
GMC,Sierra,2025-02-01,21
GMC,Sierra,2025-03-01,26
GMC,Sierra,2025-04-01,21
GMC,Sierra,2025-05-01,25
GMC,Sierra,2025-06-01,12
GMC,Sierra,2025-07-01,24
GMC,Sierra,2025-08-01,24
GMC,Sierra,2025-09-01,18
GMC,Sierra,2025-10-01,23
GMC,Sierra,2025-11-01,13
GMC,Sierra,2025-12-01,21
폴스타,Polestar 4,2025-01-01,103
폴스타,Polestar 4,2025-02-01,71
폴스타,Polestar 4,2025-03-01,307
폴스타,Polestar 4,2025-04-01,179
폴스타,Polestar 4,2025-05-01,292
폴스타,Polestar 4,2025-06-01,118
폴스타,Polestar 4,2025-07-01,198
폴스타,Polestar 4,2025-08-01,252
폴스타,Polestar 4,2025-09-01,361
폴스타,Polestar 4,2025-10-01,286
폴스타,Polestar 4,2025-11-01,371
폴스타,Polestar 4,2025-12-01,73
포르쉐,Taycan,2025-01-01,122
포르쉐,Taycan,2025-02-01,120
포르쉐,Taycan,2025-03-01,245
포르쉐,Taycan,2025-04-01,149
포르쉐,Taycan,2025-05-01,124
포르쉐,Taycan,2025-06-01,137
포르쉐,Taycan,2025-07-01,245
포르쉐,Taycan,2025-08-01,160
포르쉐,Taycan,2025-09-01,135
포르쉐,Taycan,2025-10-01,171
포르쉐,Taycan,2025-11-01,118
포르쉐,Taycan,2025-12-01,313
포르쉐,Cayenne,2025-01-01,244
포르쉐,Cayenne,2025-02-01,217
포르쉐,Cayenne,2025-03-01,343
포르쉐,Cayenne,2025-04-01,536
포르쉐,Cayenne,2025-05-01,553
포르쉐,Cayenne,2025-06-01,374
포르쉐,Cayenne,2025-07-01,257
포르쉐,Cayenne,2025-08-01,221
포르쉐,Cayenne,2025-09-01,293
포르쉐,Cayenne,2025-10-01,163
포르쉐,Cayenne,2025-11-01,363
포르쉐,Cayenne,2025-12-01,203
포르쉐,Macan Electric,2025-01-01,0
포르쉐,Macan Electric,2025-02-01,87
포르쉐,Macan Electric,2025-03-01,131
포르쉐,Macan Electric,2025-04-01,61
포르쉐,Macan Electric,2025-05-01,165
포르쉐,Macan Electric,2025-06-01,187
포르쉐,Macan Electric,2025-07-01,170
포르쉐,Macan Electric,2025-08-01,167
포르쉐,Macan Electric,2025-09-01,175
포르쉐,Macan Electric,2025-10-01,106
포르쉐,Macan Electric,2025-11-01,141
포르쉐,Macan Electric,2025-12-01,197
포르쉐,Panamera,2025-01-01,215
포르쉐,Panamera,2025-02-01,210
포르쉐,Panamera,2025-03-01,270
포르쉐,Panamera,2025-04-01,198
포르쉐,Panamera,2025-05-01,226
포르쉐,Panamera,2025-06-01,125
포르쉐,Panamera,2025-07-01,230
포르쉐,Panamera,2025-08-01,121
포르쉐,Panamera,2025-09-01,121
포르쉐,Panamera,2025-10-01,91
포르쉐,Panamera,2025-11-01,107
포르쉐,Panamera,2025-12-01,179
포르쉐,The New 911,2025-01-01,0
포르쉐,The New 911,2025-02-01,0
포르쉐,The New 911,2025-03-01,0
포르쉐,The New 911,2025-04-01,0
포르쉐,The New 911,2025-05-01,0
포르쉐,The New 911,2025-06-01,0
포르쉐,The New 911,2025-07-01,0
포르쉐,The New 911,2025-08-01,5
포르쉐,The New 911,2025-09-01,65
포르쉐,The New 911,2025-10-01,58
포르쉐,The New 911,2025-11-01,70
포르쉐,The New 911,2025-12-01,115
포드,Explorer,2025-01-01,222
포드,Explorer,2025-02-01,269
포드,Explorer,2025-03-01,440
포드,Explorer,2025-04-01,321
포드,Explorer,2025-05-01,231
포드,Explorer,2025-06-01,176
포드,Explorer,2025-07-01,137
포드,Explorer,2025-08-01,205
포드,Explorer,2025-09-01,246
포드,Explorer,2025-10-01,138
포드,Explorer,2025-11-01,50
포드,Explorer,2025-12-01,19
포드,Bronco,2025-01-01,47
포드,Bronco,2025-02-01,54
포드,Bronco,2025-03-01,49
포드,Bronco,2025-04-01,99
포드,Bronco,2025-05-01,54
포드,Bronco,2025-06-01,72
포드,Bronco,2025-07-01,52
포드,Bronco,2025-08-01,40
포드,Bronco,2025-09-01,36
포드,Bronco,2025-10-01,40
포드,Bronco,2025-11-01,49
포드,Bronco,2025-12-01,12
포드,Ranger,2025-01-01,63
포드,Ranger,2025-02-01,26
포드,Ranger,2025-03-01,24
포드,Ranger,2025-04-01,86
포드,Ranger,2025-05-01,67
포드,Ranger,2025-06-01,50
포드,Ranger,2025-07-01,61
포드,Ranger,2025-08-01,54
포드,Ranger,2025-09-01,69
포드,Ranger,2025-10-01,38
포드,Ranger,2025-11-01,29
포드,Ranger,2025-12-01,12
혼다,Odyssey,2025-01-01,0
혼다,Odyssey,2025-02-01,0
혼다,Odyssey,2025-03-01,23
혼다,Odyssey,2025-04-01,14
혼다,Odyssey,2025-05-01,13
혼다,Odyssey,2025-06-01,4
혼다,Odyssey,2025-07-01,1
혼다,Odyssey,2025-08-01,12
혼다,Odyssey,2025-09-01,3
혼다,Odyssey,2025-10-01,0
혼다,Odyssey,2025-11-01,5
혼다,Odyssey,2025-12-01,78
혼다,CR-V,2025-01-01,56
혼다,CR-V,2025-02-01,53
혼다,CR-V,2025-03-01,84
혼다,CR-V,2025-04-01,73
혼다,CR-V,2025-05-01,66
혼다,CR-V,2025-06-01,73
혼다,CR-V,2025-07-01,96
혼다,CR-V,2025-08-01,49
혼다,CR-V,2025-09-01,5
혼다,CR-V,2025-10-01,4
혼다,CR-V,2025-11-01,95
혼다,CR-V,2025-12-01,70
혼다,Accord,2025-01-01,104
혼다,Accord,2025-02-01,230
혼다,Accord,2025-03-01,109
혼다,Accord,2025-04-01,36
혼다,Accord,2025-05-01,39
혼다,Accord,2025-06-01,43
혼다,Accord,2025-07-01,31
혼다,Accord,2025-08-01,39
혼다,Accord,2025-09-01,61
혼다,Accord,2025-10-01,72
혼다,Accord,2025-11-01,50
혼다,Accord,2025-12-01,70
혼다,Pilot,2025-01-01,17
혼다,Pilot,2025-02-01,0
혼다,Pilot,2025-03-01,13
혼다,Pilot,2025-04-01,39
혼다,Pilot,2025-05-01,27
혼다,Pilot,2025-06-01,22
혼다,Pilot,2025-07-01,15
혼다,Pilot,2025-08-01,11
혼다,Pilot,2025-09-01,8
혼다,Pilot,2025-10-01,11
혼다,Pilot,2025-11-01,5
혼다,Pilot,2025-12-01,7
벤틀리,Bentayga,2025-01-01,4
벤틀리,Bentayga,2025-02-01,17
벤틀리,Bentayga,2025-03-01,8
벤틀리,Bentayga,2025-04-01,6
벤틀리,Bentayga,2025-05-01,9
벤틀리,Bentayga,2025-06-01,11
벤틀리,Bentayga,2025-07-01,12
벤틀리,Bentayga,2025-08-01,8
벤틀리,Bentayga,2025-09-01,9
벤틀리,Bentayga,2025-10-01,25
벤틀리,Bentayga,2025-11-01,20
벤틀리,Bentayga,2025-12-01,31
벤틀리,The new Continental,2025-01-01,0
벤틀리,The new Continental,2025-02-01,0
벤틀리,The new Continental,2025-03-01,0
벤틀리,The new Continental,2025-04-01,0
벤틀리,The new Continental,2025-05-01,21
벤틀리,The new Continental,2025-06-01,12
벤틀리,The new Continental,2025-07-01,14
벤틀리,The new Continental,2025-08-01,11
벤틀리,The new Continental,2025-09-01,15
벤틀리,The new Continental,2025-10-01,7
벤틀리,The new Continental,2025-11-01,10
벤틀리,The new Continental,2025-12-01,18
벤틀리,The New Flying Spur,2025-01-01,0
벤틀리,The New Flying Spur,2025-02-01,0
벤틀리,The New Flying Spur,2025-03-01,0
벤틀리,The New Flying Spur,2025-04-01,0
벤틀리,The New Flying Spur,2025-05-01,0
벤틀리,The New Flying Spur,2025-06-01,0
벤틀리,The New Flying Spur,2025-07-01,0
벤틀리,The New Flying Spur,2025-08-01,3
벤틀리,The New Flying Spur,2025-09-01,57
벤틀리,The New Flying Spur,2025-10-01,13
벤틀리,The New Flying Spur,2025-11-01,5
벤틀리,The New Flying Spur,2025-12-01,16
벤틀리,Continental,2025-01-01,0
벤틀리,Continental,2025-02-01,0
벤틀리,Continental,2025-03-01,0
벤틀리,Continental,2025-04-01,0
벤틀리,Continental,2025-05-01,0
벤틀리,Continental,2025-06-01,0
벤틀리,Continental,2025-07-01,0
벤틀리,Continental,2025-08-01,1
벤틀리,Continental,2025-09-01,1
벤틀리,Continental,2025-10-01,0
벤틀리,Continental,2025-11-01,0
벤틀리,Continental,2025-12-01,1
롤스로이스,Cullinan Series2,2025-01-01,6
롤스로이스,Cullinan Series2,2025-02-01,11
롤스로이스,Cullinan Series2,2025-03-01,8
롤스로이스,Cullinan Series2,2025-04-01,11
롤스로이스,Cullinan Series2,2025-05-01,6
롤스로이스,Cullinan Series2,2025-06-01,9
롤스로이스,Cullinan Series2,2025-07-01,8
롤스로이스,Cullinan Series2,2025-08-01,11
롤스로이스,Cullinan Series2,2025-09-01,6
롤스로이스,Cullinan Series2,2025-10-01,5
롤스로이스,Cullinan Series2,2025-11-01,2
롤스로이스,Cullinan Series2,2025-12-01,3
롤스로이스,Ghost Series II,2025-01-01,0
롤스로이스,Ghost Series II,2025-02-01,0
롤스로이스,Ghost Series II,2025-03-01,6
롤스로이스,Ghost Series II,2025-04-01,10
롤스로이스,Ghost Series II,2025-05-01,10
롤스로이스,Ghost Series II,2025-06-01,1
롤스로이스,Ghost Series II,2025-07-01,4
롤스로이스,Ghost Series II,2025-08-01,0
롤스로이스,Ghost Series II,2025-09-01,3
롤스로이스,Ghost Series II,2025-10-01,2
롤스로이스,Ghost Series II,2025-11-01,4
롤스로이스,Ghost Series II,2025-12-01,3
롤스로이스,Spectre,2025-01-01,0
롤스로이스,Spectre,2025-02-01,1
롤스로이스,Spectre,2025-03-01,4
롤스로이스,Spectre,2025-04-01,4
롤스로이스,Spectre,2025-05-01,4
롤스로이스,Spectre,2025-06-01,2
롤스로이스,Spectre,2025-07-01,1
롤스로이스,Spectre,2025-08-01,2
롤스로이스,Spectre,2025-09-01,2
롤스로이스,Spectre,2025-10-01,2
롤스로이스,Spectre,2025-11-01,1
롤스로이스,Spectre,2025-12-01,1
롤스로이스,Phantom Series II,2025-01-01,1
롤스로이스,Phantom Series II,2025-02-01,0
롤스로이스,Phantom Series II,2025-03-01,0
롤스로이스,Phantom Series II,2025-04-01,2
롤스로이스,Phantom Series II,2025-05-01,1
롤스로이스,Phantom Series II,2025-06-01,1
롤스로이스,Phantom Series II,2025-07-01,2
롤스로이스,Phantom Series II,2025-08-01,3
롤스로이스,Phantom Series II,2025-09-01,0
롤스로이스,Phantom Series II,2025-10-01,1
롤스로이스,Phantom Series II,2025-11-01,0
롤스로이스,Phantom Series II,2025-12-01,1
지프,Wrangler,2025-01-01,92
지프,Wrangler,2025-02-01,76
지프,Wrangler,2025-03-01,129
지프,Wrangler,2025-04-01,48
지프,Wrangler,2025-05-01,64
지프,Wrangler,2025-06-01,119
지프,Wrangler,2025-07-01,129
지프,Wrangler,2025-08-01,73
지프,Wrangler,2025-09-01,97
지프,Wrangler,2025-10-01,84
지프,Wrangler,2025-11-01,184
지프,Wrangler,2025-12-01,200
지프,Gladiator,2025-01-01,0
지프,Gladiator,2025-02-01,0
지프,Gladiator,2025-03-01,0
지프,Gladiator,2025-04-01,34
지프,Gladiator,2025-05-01,20
지프,Gladiator,2025-06-01,26
지프,Gladiator,2025-07-01,16
지프,Gladiator,2025-08-01,17
지프,Gladiator,2025-09-01,14
지프,Gladiator,2025-10-01,18
지프,Gladiator,2025-11-01,16
지프,Gladiator,2025-12-01,19
지프,Grand Cherokee,2025-01-01,4
지프,Grand Cherokee,2025-02-01,3
지프,Grand Cherokee,2025-03-01,16
지프,Grand Cherokee,2025-04-01,10
지프,Grand Cherokee,2025-05-01,6
지프,Grand Cherokee,2025-06-01,10
지프,Grand Cherokee,2025-07-01,24
지프,Grand Cherokee,2025-08-01,27
지프,Grand Cherokee,2025-09-01,41
지프,Grand Cherokee,2025-10-01,8
지프,Grand Cherokee,2025-11-01,16
지프,Grand Cherokee,2025-12-01,14
미니,Cooper,2025-01-01,150
미니,Cooper,2025-02-01,265
미니,Cooper,2025-03-01,298
미니,Cooper,2025-04-01,352
미니,Cooper,2025-05-01,305
미니,Cooper,2025-06-01,335
미니,Cooper,2025-07-01,354
미니,Cooper,2025-08-01,334
미니,Cooper,2025-09-01,356
미니,Cooper,2025-10-01,286
미니,Cooper,2025-11-01,413
미니,Cooper,2025-12-01,431
미니,Countryman,2025-01-01,84
미니,Countryman,2025-02-01,222
미니,Countryman,2025-03-01,170
미니,Countryman,2025-04-01,128
미니,Countryman,2025-05-01,112
미니,Countryman,2025-06-01,119
미니,Countryman,2025-07-01,123
미니,Countryman,2025-08-01,92
미니,Countryman,2025-09-01,138
미니,Countryman,2025-10-01,125
미니,Countryman,2025-11-01,206
미니,Countryman,2025-12-01,154
미니,Mini Electric,2025-01-01,0
미니,Mini Electric,2025-02-01,1
미니,Mini Electric,2025-03-01,0
미니,Mini Electric,2025-04-01,3
미니,Mini Electric,2025-05-01,13
미니,Mini Electric,2025-06-01,172
미니,Mini Electric,2025-07-01,116
미니,Mini Electric,2025-08-01,109
미니,Mini Electric,2025-09-01,151
미니,Mini Electric,2025-10-01,138
미니,Mini Electric,2025-11-01,198
미니,Mini Electric,2025-12-01,105
미니,Aceman,2025-01-01,0
미니,Aceman,2025-02-01,26
미니,Aceman,2025-03-01,79
미니,Aceman,2025-04-01,50
미니,Aceman,2025-05-01,39
미니,Aceman,2025-06-01,41
미니,Aceman,2025-07-01,35
미니,Aceman,2025-08-01,30
미니,Aceman,2025-09-01,62
미니,Aceman,2025-10-01,39
미니,Aceman,2025-11-01,41
미니,Aceman,2025-12-01,54
미니,Convertible,2025-01-01,0
미니,Convertible,2025-02-01,0
미니,Convertible,2025-03-01,0
미니,Convertible,2025-04-01,88
미니,Convertible,2025-05-01,83
미니,Convertible,2025-06-01,69
미니,Convertible,2025-07-01,59
미니,Convertible,2025-08-01,45
미니,Convertible,2025-09-01,57
미니,Convertible,2025-10-01,50
미니,Convertible,2025-11-01,51
미니,Convertible,2025-12-01,46
미니,Countryman Electric,2025-01-01,0
미니,Countryman Electric,2025-02-01,23
미니,Countryman Electric,2025-03-01,73
미니,Countryman Electric,2025-04-01,40
미니,Countryman Electric,2025-05-01,38
미니,Countryman Electric,2025-06-01,39
미니,Countryman Electric,2025-07-01,37
미니,Countryman Electric,2025-08-01,55
미니,Countryman Electric,2025-09-01,34
미니,Countryman Electric,2025-10-01,19
미니,Countryman Electric,2025-11-01,9
미니,Countryman Electric,2025-12-01,20
랜드로버,Range Rover,2025-01-01,99
랜드로버,Range Rover,2025-02-01,148
랜드로버,Range Rover,2025-03-01,105
랜드로버,Range Rover,2025-04-01,82
랜드로버,Range Rover,2025-05-01,94
랜드로버,Range Rover,2025-06-01,149
랜드로버,Range Rover,2025-07-01,110
랜드로버,Range Rover,2025-08-01,137
랜드로버,Range Rover,2025-09-01,197
랜드로버,Range Rover,2025-10-01,79
랜드로버,Range Rover,2025-11-01,125
랜드로버,Range Rover,2025-12-01,156
랜드로버,Defender,2025-01-01,87
랜드로버,Defender,2025-02-01,110
랜드로버,Defender,2025-03-01,150
랜드로버,Defender,2025-04-01,54
랜드로버,Defender,2025-05-01,84
랜드로버,Defender,2025-06-01,87
랜드로버,Defender,2025-07-01,97
랜드로버,Defender,2025-08-01,88
랜드로버,Defender,2025-09-01,151
랜드로버,Defender,2025-10-01,49
랜드로버,Defender,2025-11-01,128
랜드로버,Defender,2025-12-01,107
랜드로버,Range Rover Sport,2025-01-01,61
랜드로버,Range Rover Sport,2025-02-01,99
랜드로버,Range Rover Sport,2025-03-01,116
랜드로버,Range Rover Sport,2025-04-01,130
랜드로버,Range Rover Sport,2025-05-01,101
랜드로버,Range Rover Sport,2025-06-01,156
랜드로버,Range Rover Sport,2025-07-01,131
랜드로버,Range Rover Sport,2025-08-01,149
랜드로버,Range Rover Sport,2025-09-01,204
랜드로버,Range Rover Sport,2025-10-01,52
랜드로버,Range Rover Sport,2025-11-01,93
랜드로버,Range Rover Sport,2025-12-01,85
랜드로버,Discovery Sport,2025-01-01,4
랜드로버,Discovery Sport,2025-02-01,10
랜드로버,Discovery Sport,2025-03-01,38
랜드로버,Discovery Sport,2025-04-01,14
랜드로버,Discovery Sport,2025-05-01,24
랜드로버,Discovery Sport,2025-06-01,27
랜드로버,Discovery Sport,2025-07-01,7
랜드로버,Discovery Sport,2025-08-01,10
랜드로버,Discovery Sport,2025-09-01,42
랜드로버,Discovery Sport,2025-10-01,30
랜드로버,Discovery Sport,2025-11-01,8
랜드로버,Discovery Sport,2025-12-01,53
랜드로버,Range Rover Evoque,2025-01-01,24
랜드로버,Range Rover Evoque,2025-02-01,20
랜드로버,Range Rover Evoque,2025-03-01,47
랜드로버,Range Rover Evoque,2025-04-01,25
랜드로버,Range Rover Evoque,2025-05-01,27
랜드로버,Range Rover Evoque,2025-06-01,37
랜드로버,Range Rover Evoque,2025-07-01,15
랜드로버,Range Rover Evoque,2025-08-01,15
랜드로버,Range Rover Evoque,2025-09-01,42
랜드로버,Range Rover Evoque,2025-10-01,28
랜드로버,Range Rover Evoque,2025-11-01,11
랜드로버,Range Rover Evoque,2025-12-01,51
랜드로버,New Range Rover Velar,2025-01-01,38
랜드로버,New Range Rover Velar,2025-02-01,41
랜드로버,New Range Rover Velar,2025-03-01,61
랜드로버,New Range Rover Velar,2025-04-01,11
랜드로버,New Range Rover Velar,2025-05-01,34
랜드로버,New Range Rover Velar,2025-06-01,35
랜드로버,New Range Rover Velar,2025-07-01,30
랜드로버,New Range Rover Velar,2025-08-01,35
랜드로버,New Range Rover Velar,2025-09-01,72
랜드로버,New Range Rover Velar,2025-10-01,17
랜드로버,New Range Rover Velar,2025-11-01,38
랜드로버,New Range Rover Velar,2025-12-01,48
랜드로버,Discovery,2025-01-01,12
랜드로버,Discovery,2025-02-01,14
랜드로버,Discovery,2025-03-01,10
랜드로버,Discovery,2025-04-01,19
랜드로버,Discovery,2025-05-01,6
랜드로버,Discovery,2025-06-01,14
랜드로버,Discovery,2025-07-01,3
랜드로버,Discovery,2025-08-01,12
랜드로버,Discovery,2025-09-01,14
랜드로버,Discovery,2025-10-01,4
랜드로버,Discovery,2025-11-01,6
랜드로버,Discovery,2025-12-01,22
푸조,3008,2025-01-01,0
푸조,3008,2025-02-01,0
푸조,3008,2025-03-01,0
푸조,3008,2025-04-01,0
푸조,3008,2025-05-01,0
푸조,3008,2025-06-01,14
푸조,3008,2025-07-01,36
푸조,3008,2025-08-01,41
푸조,3008,2025-09-01,51
푸조,3008,2025-10-01,26
푸조,3008,2025-11-01,18
푸조,3008,2025-12-01,42
푸조,5008,2025-01-01,10
푸조,5008,2025-02-01,7
푸조,5008,2025-03-01,10
푸조,5008,2025-04-01,4
푸조,5008,2025-05-01,9
푸조,5008,2025-06-01,30
푸조,5008,2025-07-01,20
푸조,5008,2025-08-01,21
푸조,5008,2025-09-01,44
푸조,5008,2025-10-01,39
푸조,5008,2025-11-01,43
푸조,5008,2025-12-01,42
푸조,408,2025-01-01,16
푸조,408,2025-02-01,3
푸조,408,2025-03-01,12
푸조,408,2025-04-01,17
푸조,408,2025-05-01,15
푸조,408,2025-06-01,24
푸조,408,2025-07-01,10
푸조,408,2025-08-01,9
푸조,408,2025-09-01,15
푸조,408,2025-10-01,6
푸조,408,2025-11-01,13
푸조,408,2025-12-01,13
푸조,308,2025-01-01,0
푸조,308,2025-02-01,0
푸조,308,2025-03-01,0
푸조,308,2025-04-01,18
푸조,308,2025-05-01,5
푸조,308,2025-06-01,3
푸조,308,2025-07-01,5
푸조,308,2025-08-01,1
푸조,308,2025-09-01,6
푸조,308,2025-10-01,3
푸조,308,2025-11-01,3
푸조,308,2025-12-01,8
페라리,Roma Spider,2025-01-01,9
페라리,Roma Spider,2025-02-01,3
페라리,Roma Spider,2025-03-01,13
페라리,Roma Spider,2025-04-01,11
페라리,Roma Spider,2025-05-01,10
페라리,Roma Spider,2025-06-01,2
페라리,Roma Spider,2025-07-01,10
페라리,Roma Spider,2025-08-01,13
페라리,Roma Spider,2025-09-01,20
페라리,Roma Spider,2025-10-01,13
페라리,Roma Spider,2025-11-01,11
페라리,Roma Spider,2025-12-01,15
페라리,Purosangue,2025-01-01,11
페라리,Purosangue,2025-02-01,13
페라리,Purosangue,2025-03-01,14
페라리,Purosangue,2025-04-01,8
페라리,Purosangue,2025-05-01,8
페라리,Purosangue,2025-06-01,13
페라리,Purosangue,2025-07-01,8
페라리,Purosangue,2025-08-01,12
페라리,Purosangue,2025-09-01,13
페라리,Purosangue,2025-10-01,8
페라리,Purosangue,2025-11-01,14
페라리,Purosangue,2025-12-01,14
페라리,12Cilindri,2025-01-01,0
페라리,12Cilindri,2025-02-01,0
페라리,12Cilindri,2025-03-01,0
페라리,12Cilindri,2025-04-01,0
페라리,12Cilindri,2025-05-01,0
페라리,12Cilindri,2025-06-01,0
페라리,12Cilindri,2025-07-01,0
페라리,12Cilindri,2025-08-01,1
페라리,12Cilindri,2025-09-01,0
페라리,12Cilindri,2025-10-01,0
페라리,12Cilindri,2025-11-01,0
페라리,12Cilindri,2025-12-01,2
페라리,SF90 Stradale,2025-01-01,1
페라리,SF90 Stradale,2025-02-01,1
페라리,SF90 Stradale,2025-03-01,1
페라리,SF90 Stradale,2025-04-01,0
페라리,SF90 Stradale,2025-05-01,0
페라리,SF90 Stradale,2025-06-01,2
페라리,SF90 Stradale,2025-07-01,3
페라리,SF90 Stradale,2025-08-01,1
페라리,SF90 Stradale,2025-09-01,1
페라리,SF90 Stradale,2025-10-01,0
페라리,SF90 Stradale,2025-11-01,2
페라리,SF90 Stradale,2025-12-01,1
람보르기니,Urus S,2025-01-01,42
람보르기니,Urus S,2025-02-01,17
람보르기니,Urus S,2025-03-01,11
람보르기니,Urus S,2025-04-01,9
람보르기니,Urus S,2025-05-01,23
람보르기니,Urus S,2025-06-01,31
람보르기니,Urus S,2025-07-01,41
람보르기니,Urus S,2025-08-01,20
람보르기니,Urus S,2025-09-01,38
람보르기니,Urus S,2025-10-01,28
람보르기니,Urus S,2025-11-01,29
람보르기니,Urus S,2025-12-01,81
람보르기니,Revuelto,2025-01-01,0
람보르기니,Revuelto,2025-02-01,0
람보르기니,Revuelto,2025-03-01,0
람보르기니,Revuelto,2025-04-01,0
람보르기니,Revuelto,2025-05-01,2
람보르기니,Revuelto,2025-06-01,16
람보르기니,Revuelto,2025-07-01,14
람보르기니,Revuelto,2025-08-01,3
람보르기니,Revuelto,2025-09-01,4
람보르기니,Revuelto,2025-10-01,3
람보르기니,Revuelto,2025-11-01,2
람보르기니,Revuelto,2025-12-01,6
